Description,Original_Price,Sale_Price,Rating,Review_count,URL
FIFA 23 | Standard Edition | PS4 (PlayStation 4),"₹4,299","₹3,299",4.7,(84),http://amazon.in/sspa/click?ie=UTF8&spc=MToxMTUxNTE1MjExMTQ3ODE2OjE2NzE1MzU2MTk6c3BfYXRmOjIwMTAzMjMyNzMzNDk4OjowOjo&url=%2FFIFA-23-Standard-PS4-PlayStation%2Fdp%2FB0B7BD84V6%2Fref%3Dsr_1_1_sspa%3Fcrid%3D13LMAMNW5PMHP%26keywords%3Dgames%2Bps4%26qid%3D1671535619%26sprefix%3Dvideo%2Bgames%252Caps%252C229%26sr%3D8-1-spons%26sp_csd%3Dd2lkZ2V0TmFtZT1zcF9hdGY%26psc%3D1
Ghost of Tsushima | PS4 Game (PlayStation 4),"₹3,999","₹1,189",4.7,"(1,986)",http://amazon.in/PS4-Ghost-of-Tsushima/dp/B085LZSG6F/ref=sr_1_2?crid=13LMAMNW5PMHP&keywords=games+ps4&qid=1671535619&sprefix=video+games%2Caps%2C229&sr=8-2
God of War | PS4 Game (PlayStation 4),"₹1,499",₹899,4.7,"(3,505)",http://amazon.in/PS4-God-of-War/dp/B07YQ73Y8T/ref=sr_1_4?crid=13LMAMNW5PMHP&keywords=games+ps4&qid=1671535619&sprefix=video+games%2Caps%2C229&sr=8-4
Sony The Last of Us Part II (PS4),"₹2,499","₹1,099",4.7,"(5,126)",http://amazon.in/PS4-Last-Us-Part-II/dp/B07YQ8JMSH/ref=sr_1_5?crid=13LMAMNW5PMHP&keywords=games+ps4&qid=1671535619&sprefix=video+games%2Caps%2C229&sr=8-5
Horizon Forbidden West | Standard Edition | PS4 Game (PlayStation 4),"₹3,999","₹2,187",4.7,(416),http://amazon.in/PS4-Horizon-Forbidden-West-standard/dp/B09FJYNS3W/ref=sr_1_6?crid=13LMAMNW5PMHP&keywords=games+ps4&qid=1671535619&sprefix=video+games%2Caps%2C229&sr=8-6
Cricket 22 | International Edition | PS4 (PlayStation 4),"₹3,999","₹2,148",4.1,(240),http://amazon.in/Cricket-22-International-Edition-PS4/dp/B09HXVG7ND/ref=sr_1_7?crid=13LMAMNW5PMHP&keywords=games+ps4&qid=1671535619&sprefix=video+games%2Caps%2C229&sr=8-7
FIFA 23 | Standard Edition | PS4 (PlayStation 4),"₹4,299","₹3,299",4.7,(84),http://amazon.in/FIFA-23-Standard-PS4-PlayStation/dp/B0B7BD84V6/ref=sr_1_8?crid=13LMAMNW5PMHP&keywords=games+ps4&qid=1671535619&sprefix=video+games%2Caps%2C229&sr=8-8
Marvel's Spider-Man: Miles Morales (PS4),"₹3,999","₹1,998",4.5,"(1,507)",http://amazon.in/PS4-Marvels-Spider-Man-Miles-Morales/dp/B08LFBM5JV/ref=sr_1_9?crid=13LMAMNW5PMHP&keywords=games+ps4&qid=1671535619&sprefix=video+games%2Caps%2C229&sr=8-9
WWE 2K22 (PS4),"₹3,999","₹2,099",4.3,(246),http://amazon.in/2K-GAMES-maroon-1-PS4/dp/B098TZC9N8/ref=sr_1_10?crid=13LMAMNW5PMHP&keywords=games+ps4&qid=1671535619&sprefix=video+games%2Caps%2C229&sr=8-10
Uncharted Collection Hits (PS4),"₹1,499",₹885,4.6,"(2,185)",http://amazon.in/Sony-Uncharted-Collection-Hits-PS4/dp/B07M5V17R9/ref=sr_1_11?crid=13LMAMNW5PMHP&keywords=games+ps4&qid=1671535619&sprefix=video+games%2Caps%2C229&sr=8-11
Days Gone | PS4 Game (PlayStation 4),"₹2,499","₹1,175",4.4,"(2,650)",http://amazon.in/Sony-GVS09Z0-Days-Gone-PS4/dp/B01GVS09Z0/ref=sr_1_12?crid=13LMAMNW5PMHP&keywords=games+ps4&qid=1671535619&sprefix=video+games%2Caps%2C229&sr=8-12
Bandai Tekken 7 PS4 - PlayStation 4 Standard Edition (PS4),"₹1,799","₹1,293",4.4,"(2,903)",http://amazon.in/Namco-722674120678-Tekken-PS4-PlayStation/dp/B071VJFGN4/ref=sr_1_14?crid=13LMAMNW5PMHP&keywords=games+ps4&qid=1671535619&sprefix=video+games%2Caps%2C229&sr=8-14
Need for Speed Heat (PS4),"₹1,999","₹1,699",4.4,(582),http://amazon.in/Need-for-Speed-Heat-PS4/dp/B07WQ4KTT6/ref=sr_1_15?crid=13LMAMNW5PMHP&keywords=games+ps4&qid=1671535619&sprefix=video+games%2Caps%2C229&sr=8-15
Marvel's Spider Man (PS4),"₹2,499","₹1,187",4.6,"(3,326)",http://amazon.in/Sony-195229-Marvels-Spider-Man/dp/B07CR4GQD3/ref=sr_1_16?crid=13LMAMNW5PMHP&keywords=games+ps4&qid=1671535619&sprefix=video+games%2Caps%2C229&sr=8-16
PS4 watch dogs legion (PS4),"₹2,499","₹1,063.51",4.2,"(4,811)",http://amazon.in/UBI-Soft-E3_2019_Placeholder15-watch-legion/dp/B07SH36GRX/ref=sr_1_17?crid=13LMAMNW5PMHP&keywords=games+ps4&qid=1671535619&sprefix=video+games%2Caps%2C229&sr=8-17
Red Dead Redemption - 2 (PS4),"₹2,799","₹2,002",4.6,"(3,213)",http://amazon.in/Red-Dead-Redemption-2-PS4/dp/B07BFGGNT9/ref=sr_1_17?crid=13LMAMNW5PMHP&keywords=games+ps4&qid=1671535623&sprefix=video+games%2Caps%2C229&sr=8-17
Division 2 (PS4),"₹1,499",₹499,3.7,(139),http://amazon.in/Tom-Clancys-Division-2-PS4/dp/B07Y8NNJ7X/ref=sr_1_18?crid=13LMAMNW5PMHP&keywords=games+ps4&qid=1671535623&sprefix=video+games%2Caps%2C229&sr=8-18
Grand Theft Auto PS4,"₹2,290","₹1,570",4.5,"(3,966)",http://amazon.in/GRAND-THEFT-AUTO-PREMIUM-PS4/dp/B07H3TF8L7/ref=sr_1_19?crid=13LMAMNW5PMHP&keywords=games+ps4&qid=1671535623&sprefix=video+games%2Caps%2C229&sr=8-19
Uncharted: The Lost Legacy (PS4),"₹2,199","₹1,890",4.6,"(3,536)",http://amazon.in/Uncharted-The-Lost-Legacy-PS4/dp/B01LTI9IEA/ref=sr_1_20?crid=13LMAMNW5PMHP&keywords=games+ps4&qid=1671535623&sprefix=video+games%2Caps%2C229&sr=8-20
Far Cry 6 Yara Edition (PS4),"₹3,999","₹2,344.33",4.3,(130),http://amazon.in/Far-Cry-6-Yara-PS4/dp/B08D6WJQFG/ref=sr_1_22?crid=13LMAMNW5PMHP&keywords=games+ps4&qid=1671535623&sprefix=video+games%2Caps%2C229&sr=8-22
Marvel's Guardians of the Galaxy (PS4),"₹3,999","₹1,649",4.4,(56),http://amazon.in/Square-Enix-Marvels-Guardians-Galaxy/dp/B097J92M1F/ref=sr_1_23?crid=13LMAMNW5PMHP&keywords=games+ps4&qid=1671535623&sprefix=video+games%2Caps%2C229&sr=8-23
UBI Soft Far Cry 5 (PS4),"₹1,299","₹1,099",4.4,(991),http://amazon.in/UBI-Soft-Far-Cry-PS4/dp/B078G9XKR7/ref=sr_1_24?crid=13LMAMNW5PMHP&keywords=games+ps4&qid=1671535623&sprefix=video+games%2Caps%2C229&sr=8-24
Sony Horizon: Zero Dawn - Complete Edition (Playstation 4),"₹1,499",₹784,4.5,"(2,027)",http://amazon.in/Horizon-Zero-Dawn-Complete-PS4/dp/B07D2NY7RW/ref=sr_1_25?crid=13LMAMNW5PMHP&keywords=games+ps4&qid=1671535623&sprefix=video+games%2Caps%2C229&sr=8-25
Batman Arkham Collection (PS4),"₹1,799","₹1,699",4.5,(278),http://amazon.in/WB-Games-Batman-Arkham-Collection/dp/B0842LZBN5/ref=sr_1_26?crid=13LMAMNW5PMHP&keywords=games+ps4&qid=1671535623&sprefix=video+games%2Caps%2C229&sr=8-26
UBI Soft Tom Clancy's Ghost Recon Breakpoint (PS4),₹999,₹789.88,4.0,"(1,718)",http://amazon.in/Tom-Clancys-Ghost-Recon-Breakpoint/dp/B07S1XKYGT/ref=sr_1_27?crid=13LMAMNW5PMHP&keywords=games+ps4&qid=1671535623&sprefix=video+games%2Caps%2C229&sr=8-27
God of War Remastered - Hits (PS4),"₹1,499",₹799,4.7,(285),http://amazon.in/God-War-Remastered-Hits-PS4/dp/B07TW6ZD3M/ref=sr_1_28?crid=13LMAMNW5PMHP&keywords=games+ps4&qid=1671535623&sprefix=video+games%2Caps%2C229&sr=8-28
PS4 Ghost of Tsushima Director's Cut (PS4),"₹3,999","₹2,028",4.6,(218),http://amazon.in/PS4-Ghost-Tsushima-Directors-Cut/dp/B099B7JN4V/ref=sr_1_29?crid=13LMAMNW5PMHP&keywords=games+ps4&qid=1671535623&sprefix=video+games%2Caps%2C229&sr=8-29
Dragon Ball Z: Kakarot (PS4),"₹2,499","₹1,999",4.5,(174),http://amazon.in/Dragon-Ball-Z-Kakarot-PS4/dp/B082Z184RP/ref=sr_1_30?crid=13LMAMNW5PMHP&keywords=games+ps4&qid=1671535623&sprefix=video+games%2Caps%2C229&sr=8-30
Elden Ring (PS4),"₹3,999","₹3,789",4.4,(95),http://amazon.in/Namco-Bandai-Games-Elden-Ring/dp/B09MG3FTNC/ref=sr_1_31?crid=13LMAMNW5PMHP&keywords=games+ps4&qid=1671535623&sprefix=video+games%2Caps%2C229&sr=8-31
Thrustmaster T3PA Wide Pedal Set |Racing Game Wheel Add On | PC/PS3/PS4/Xbox One,"₹14,999","₹13,498.50",4.6,(760),http://amazon.in/Thrustmaster-VG-T3PA-Wide-Pedal/dp/B00KX75W9O/ref=sr_1_32?crid=13LMAMNW5PMHP&keywords=games+ps4&qid=1671535623&sprefix=video+games%2Caps%2C229&sr=8-32
Marvel's Avengers (Free PS5 Upgrade),"₹1,999","₹1,606",4.0,(532),http://amazon.in/Square-Enix-Marvels-Avengers-PS4/dp/B07YSTD51Q/ref=sr_1_33?crid=13LMAMNW5PMHP&keywords=games+ps4&qid=1671535625&sprefix=video+games%2Caps%2C229&sr=8-33
Sony PS4 Gran Turismo: Sport (PS4),"₹1,499",₹849,4.2,(497),http://amazon.in/PS4-Gran-Turismo-Sport/dp/B07YQ76G6M/ref=sr_1_34?crid=13LMAMNW5PMHP&keywords=games+ps4&qid=1671535625&sprefix=video+games%2Caps%2C229&sr=8-34
Assassin's Creed Origins (PS4),"₹1,299","₹1,160.64",4.4,(914),http://amazon.in/UBI-Soft-Assassins-Creed-Origins/dp/B074MJ7BFX/ref=sr_1_35?crid=13LMAMNW5PMHP&keywords=games+ps4&qid=1671535625&sprefix=video+games%2Caps%2C229&sr=8-35
Marvel's Avengers - PS4 (Free PS5 Upgrade),"₹2,499","₹1,480",3.9,(34),http://amazon.in/Marvels-Avengers-PS4-Free-Upgrade/dp/B096GCXLJL/ref=sr_1_36?crid=13LMAMNW5PMHP&keywords=games+ps4&qid=1671535625&sprefix=video+games%2Caps%2C229&sr=8-36
Infamous Second Son Hit (PS4),"₹1,499",₹899,4.5,(789),http://amazon.in/Infamous-Second-Son-Hit-PS4/dp/B07GQJ534Z/ref=sr_1_37?crid=13LMAMNW5PMHP&keywords=games+ps4&qid=1671535625&sprefix=video+games%2Caps%2C229&sr=8-37
F1 22 | Standard Edition | PS4 Game (PlayStation 4),"₹3,999","₹3,981",4.3,(21),http://amazon.in/F1-Standard-PS4-Game-PlayStation/dp/B0B56773J9/ref=sr_1_38?crid=13LMAMNW5PMHP&keywords=games+ps4&qid=1671535625&sprefix=video+games%2Caps%2C229&sr=8-38
Ace Combat 7 : Skies Unknown (PS4),"₹2,299","₹1,433",4.5,(128),http://amazon.in/Ace-Combat-7-Skies-PS4/dp/B07MQ6JSBC/ref=sr_1_39?crid=13LMAMNW5PMHP&keywords=games+ps4&qid=1671535625&sprefix=video+games%2Caps%2C229&sr=8-39
Injustice 2 - Legendary Edition (PS4),"₹1,499","₹1,250",4.3,(201),http://amazon.in/Injustice-2-Legendary-Edition-PS4/dp/B07C1ZGZDG/ref=sr_1_40?crid=13LMAMNW5PMHP&keywords=games+ps4&qid=1671535625&sprefix=video+games%2Caps%2C229&sr=8-40
Sony The Last of US Hit (PS4),"₹1,499",₹999,4.6,"(2,833)",http://amazon.in/Last-US-Hit-PS4/dp/B07FXTHTNY/ref=sr_1_41?crid=13LMAMNW5PMHP&keywords=games+ps4&qid=1671535625&sprefix=video+games%2Caps%2C229&sr=8-41
Assassin's Creed Valhalla Drakkar Edition (Free PS5 Upgrade),"₹2,999","₹1,855",4.4,(498),http://amazon.in/Assassins-Creed-Valhalla-Drakkar-PS4/dp/B0894KKNVL/ref=sr_1_42?crid=13LMAMNW5PMHP&keywords=games+ps4&qid=1671535625&sprefix=video+games%2Caps%2C229&sr=8-42
Naruto Shippūden: Ultimate Ninja Storm 4 (PS4),"₹1,999","₹1,349",4.5,(115),http://amazon.in/Naruto-Shipp%C5%ABden-Ultimate-Ninja-Storm/dp/B019W7VDLG/ref=sr_1_43?crid=13LMAMNW5PMHP&keywords=games+ps4&qid=1671535625&sprefix=video+games%2Caps%2C229&sr=8-43
Mafia: Definitive Edition (PS4),"₹2,499","₹1,488",4.3,(123),http://amazon.in/2K-Games-Mafia-Definitive-Edition/dp/B089H3D212/ref=sr_1_44?crid=13LMAMNW5PMHP&keywords=games+ps4&qid=1671535625&sprefix=video+games%2Caps%2C229&sr=8-44
Electronic Arts Sports FIFA 18 (PS4),₹999,₹449,4.4,"(3,054)",http://amazon.in/EA-Sports-FIFA-18-PS4/dp/B071ZZZ3K9/ref=sr_1_45?crid=13LMAMNW5PMHP&keywords=games+ps4&qid=1671535625&sprefix=video+games%2Caps%2C229&sr=8-45
Grand Theft Auto V - Premium Edition (PS4),"₹2,199","₹1,693",4.5,"(2,547)",http://amazon.in/Grand-Theft-V-Premium-PS4/dp/B07D381RDJ/ref=sr_1_46?crid=13LMAMNW5PMHP&keywords=games+ps4&qid=1671535625&sprefix=video+games%2Caps%2C229&sr=8-46
ACTIVISION Sekiro: Shadows Die Twice (PS4),"₹4,999","₹4,699",4.4,"(1,599)",http://amazon.in/Sekiro-Shadows-Die-Twice-PS4/dp/B07DNTR2NQ/ref=sr_1_47?crid=13LMAMNW5PMHP&keywords=games+ps4&qid=1671535625&sprefix=video+games%2Caps%2C229&sr=8-47
Assassins Creed: Odyssey (PS4),"₹1,999","₹1,299",4.6,(960),http://amazon.in/UBI-Soft-Assassins-Creed-Odyssey/dp/B07DS1FFHK/ref=sr_1_48?crid=13LMAMNW5PMHP&keywords=games+ps4&qid=1671535625&sprefix=video+games%2Caps%2C229&sr=8-48
WB Games Mortal Kombat 11 (PS4),"₹3,499","₹1,495",4.5,(688),http://amazon.in/WB-Games-Mortal-Kombat-PS4/dp/B07MQ6JBZM/ref=sr_1_49?crid=13LMAMNW5PMHP&keywords=games+ps4&qid=1671535628&sprefix=video+games%2Caps%2C229&sr=8-49
WB Games Hitman 2 (PS4),"₹1,499","₹1,413",4.3,(477),http://amazon.in/WB-Games-Hitman-2-PS4/dp/B07DW7VTD2/ref=sr_1_50?crid=13LMAMNW5PMHP&keywords=games+ps4&qid=1671535628&sprefix=video+games%2Caps%2C229&sr=8-50
Marvel's Spider-Man G.O.T.Y (PS4),"₹2,999","₹1,589",4.6,"(2,745)",http://amazon.in/Marvels-Spider-Man-PS4-Game/dp/B07X23YRCS/ref=sr_1_51?crid=13LMAMNW5PMHP&keywords=games+ps4&qid=1671535628&sprefix=video+games%2Caps%2C229&sr=8-51
Need for Speed Payback (PS4),"₹1,999","₹1,322",4.3,"(2,274)",http://amazon.in/Need-for-Speed-Payback-PS4/dp/B0721MPVYV/ref=sr_1_52?crid=13LMAMNW5PMHP&keywords=games+ps4&qid=1671535628&sprefix=video+games%2Caps%2C229&sr=8-52
Shadow of the Tomb Raider Definitive Edition (PS4),"₹2,499","₹1,239",4.5,(142),http://amazon.in/Shadow-Tomb-Raider-Definitive-PS4/dp/B0813CSZPK/ref=sr_1_53?crid=13LMAMNW5PMHP&keywords=games+ps4&qid=1671535628&sprefix=video+games%2Caps%2C229&sr=8-53
"Bluehole, Inc./SIEE PUBG - PLAYERUNKNOWN'S BATTLEGROUNDS (PS4)- Playstation PLUS Required","₹1,999","₹1,055",3.4,(779),http://amazon.in/PUBG-PLAYERUNKNOWNS-BATTLEGROUNDS-Playstation-Required/dp/B07KWC6B87/ref=sr_1_54?crid=13LMAMNW5PMHP&keywords=games+ps4&qid=1671535628&sprefix=video+games%2Caps%2C229&sr=8-54
Need For Speed: Rivals Hits (PS4),"₹1,999","₹1,790",4.2,"(2,602)",http://amazon.in/Need-For-Speed-Rivals-PS4/dp/B00D781QO6/ref=sr_1_55?crid=13LMAMNW5PMHP&keywords=games+ps4&qid=1671535628&sprefix=video+games%2Caps%2C229&sr=8-55
Mortal Kombat 11: Ultimate Edition (Free PS5 Upgrade),"₹2,499","₹1,599",4.4,(261),http://amazon.in/Mortal-Kombat-11-Ultimate-Upgrade/dp/B08LLS8T3M/ref=sr_1_56?crid=13LMAMNW5PMHP&keywords=games+ps4&qid=1671535628&sprefix=video+games%2Caps%2C229&sr=8-56
Grand Theft Auto: The Trilogy - The Definitive Edition (PS4),"₹2,999","₹2,078",3.8,(26),http://amazon.in/Grand-Theft-Auto-Trilogy-Definitive/dp/B09MDJD84W/ref=sr_1_57?crid=13LMAMNW5PMHP&keywords=games+ps4&qid=1671535628&sprefix=video+games%2Caps%2C229&sr=8-57
Grand Theft Auto V – Premium,"₹2,099","₹1,699",4.5,"(3,464)",http://amazon.in/Grand-Theft-Auto-V-PS4/dp/B00L8XUDIC/ref=sr_1_58?crid=13LMAMNW5PMHP&keywords=games+ps4&qid=1671535628&sprefix=video+games%2Caps%2C229&sr=8-58
Rockstar Games Red Dead Redemption 2 (PS4),"₹2,999","₹1,922",4.6,"(12,225)",http://amazon.in/Rockstar-Games-Red-Dead-Redemption/dp/B01M65RD19/ref=sr_1_59?crid=13LMAMNW5PMHP&keywords=games+ps4&qid=1671535628&sprefix=video+games%2Caps%2C229&sr=8-59
Call Of Duty : Modern Warfare II | Cross Gen Edition | PlayStation 4 (PS4),"₹5,999","₹5,794",4.8,(5),http://amazon.in/Call-Duty-Modern-Warfare-PlayStation/dp/B0BJF2T95T/ref=sr_1_60?crid=13LMAMNW5PMHP&keywords=games+ps4&qid=1671535628&sprefix=video+games%2Caps%2C229&sr=8-60
ACTIVISION Call of Duty: Black Ops 4 - Standard Edition (PS4),"₹1,999",₹976,3.5,(526),http://amazon.in/Call-Duty-Black-Ops-Standard/dp/B07FX14DLX/ref=sr_1_62?crid=13LMAMNW5PMHP&keywords=games+ps4&qid=1671535628&sprefix=video+games%2Caps%2C229&sr=8-62
Mafia: Trilogy (PS4),"₹2,999","₹1,999",4.5,(102),http://amazon.in/2K-Games-Mafia-Trilogy-PS4/dp/B089H44M8V/ref=sr_1_63?crid=13LMAMNW5PMHP&keywords=games+ps4&qid=1671535628&sprefix=video+games%2Caps%2C229&sr=8-63
Uncharted 4 TE Hit (PS4),"₹1,999","₹1,408",4.7,"(3,052)",http://amazon.in/Uncharted-Thiefs-Playstation-Newer-Version/dp/B07GLGSHWN/ref=sr_1_64?crid=13LMAMNW5PMHP&keywords=games+ps4&qid=1671535628&sprefix=video+games%2Caps%2C229&sr=8-64
Square Enix Shadow of the Tomb Raider (PS4),"₹1,499","₹1,280",4.4,(560),http://amazon.in/Square-Enix-Shadow-Tomb-Raider/dp/B07CTX3PH6/ref=sr_1_65?crid=13LMAMNW5PMHP&keywords=games+ps4&qid=1671535630&sprefix=video+games%2Caps%2C229&sr=8-65
Assassin's Creed: Syndicate (PS4),"₹1,999","₹1,122",4.4,(601),http://amazon.in/UBI-Soft-Assassins-Creed-Syndicate/dp/B00YS59W8O/ref=sr_1_67?crid=13LMAMNW5PMHP&keywords=games+ps4&qid=1671535630&sprefix=video+games%2Caps%2C229&sr=8-67
It Takes Two (PS4),"₹2,499","₹2,490",4.0,(17),http://amazon.in/Electronic-Arts-Takes-Two-PS4/dp/B09BRNLHS2/ref=sr_1_68?crid=13LMAMNW5PMHP&keywords=games+ps4&qid=1671535630&sprefix=video+games%2Caps%2C229&sr=8-68
Until Dawn Hits (PS4),"₹1,499",₹999,4.4,(190),http://amazon.in/Sony-Until-Dawan-Hits-PS4/dp/B07M9LBZGS/ref=sr_1_69?crid=13LMAMNW5PMHP&keywords=games+ps4&qid=1671535630&sprefix=video+games%2Caps%2C229&sr=8-69
UBI Soft Tom Clancy's Ghost Recon: Wildlands (PS4),"₹1,299","₹1,081",4.4,(760),http://amazon.in/Tom-Clancys-Ghost-Recon-Wildlands/dp/B010UR9SLO/ref=sr_1_70?crid=13LMAMNW5PMHP&keywords=games+ps4&qid=1671535630&sprefix=video+games%2Caps%2C229&sr=8-70
Battlefield V (PS4),"₹1,499","₹1,259",4.3,(310),http://amazon.in/Electronic-Arts-Battlefield-V-PS4/dp/B07D9QBZ88/ref=sr_1_71?crid=13LMAMNW5PMHP&keywords=games+ps4&qid=1671535630&sprefix=video+games%2Caps%2C229&sr=8-71
PS4 Gran Turismo 7 Standard Edition (PS4),"₹3,999","₹2,399",4.1,(31),http://amazon.in/PS4-Gran-Turismo-Standard/dp/B09GVJFSBF/ref=sr_1_72?crid=13LMAMNW5PMHP&keywords=games+ps4&qid=1671535630&sprefix=video+games%2Caps%2C229&sr=8-72
Cyberpunk 2077 (Free PS5 Upgrade),"₹3,999","₹1,786.04",4.0,(491),http://amazon.in/CD-PROJEKT-RED-Cyberpunk-2077/dp/B07DRTM3JN/ref=sr_1_73?crid=13LMAMNW5PMHP&keywords=games+ps4&qid=1671535630&sprefix=video+games%2Caps%2C229&sr=8-73
Marvel's Spider Man (PS4) - Game of the Year Edition (PS4) + The Last of US Hit (PS4),"₹4,498","₹2,588",4.6,"(2,745)",http://amazon.in/Marvels-Spider-Man-PS4-Game/dp/B08JMRBN66/ref=sr_1_74?crid=13LMAMNW5PMHP&keywords=games+ps4&qid=1671535630&sprefix=video+games%2Caps%2C229&sr=8-74
STAR WARS Jedi: Fallen Order (PS4),"₹3,999","₹1,714.58",4.4,(276),http://amazon.in/STAR-WARS-Jedi-Fallen-Order/dp/B07W7KV12B/ref=sr_1_75?crid=13LMAMNW5PMHP&keywords=games+ps4&qid=1671535630&sprefix=video+games%2Caps%2C229&sr=8-75
Cricket 19 International Edition (PS4),"₹2,999","₹2,078",4.1,"(1,015)",http://amazon.in/Cricket-19-International-Edition-PS4/dp/B07QNQN449/ref=sr_1_76?crid=13LMAMNW5PMHP&keywords=games+ps4&qid=1671535630&sprefix=video+games%2Caps%2C229&sr=8-76
Bloodborne - Game of the Year Edition (PS4),"₹1,999","₹1,399",4.5,"(1,239)",http://amazon.in/Sony-179746-Bloodborne-Game-Year/dp/B018209X7U/ref=sr_1_77?crid=13LMAMNW5PMHP&keywords=games+ps4&qid=1671535630&sprefix=video+games%2Caps%2C229&sr=8-77
Shadow of the Colossus (PS4),"₹2,499","₹1,153",4.4,(528),http://amazon.in/Shadow-of-the-Colossus-PS4/dp/B079MVFRGH/ref=sr_1_78?crid=13LMAMNW5PMHP&keywords=games+ps4&qid=1671535630&sprefix=video+games%2Caps%2C229&sr=8-78
Horizon Zero Dawn: Complete Edition Ps4 Playstation 4 Game,"₹1,499",₹784,4.4,"(2,130)",http://amazon.in/Horizon-Zero-Dawn-Complete-Playstation/dp/B077SBGNXH/ref=sr_1_79?crid=13LMAMNW5PMHP&keywords=games+ps4&qid=1671535630&sprefix=video+games%2Caps%2C229&sr=8-79
The Quarry | Standard Edition | PS4 Game (PlayStation 4),"₹2,999","₹2,345",2.8,(2),http://amazon.in/Quarry-Standard-PS4-Game-PlayStation/dp/B0B41Y69FK/ref=sr_1_80?crid=13LMAMNW5PMHP&keywords=games+ps4&qid=1671535630&sprefix=video+games%2Caps%2C229&sr=8-80
PS4 Nioh 2 - Special Edition (PS4),"₹5,999","₹1,849",4.5,(94),http://amazon.in/PS4-Nioh-2-Special/dp/B085SC7VNS/ref=sr_1_81?crid=13LMAMNW5PMHP&keywords=games+ps4&qid=1671535633&sprefix=video+games%2Caps%2C229&sr=8-81
Cars 3: Driven to Win (PS4),"₹1,499",₹944,4.3,(128),http://amazon.in/Cars-3-Driven-Win-PS4/dp/B072125M4Q/ref=sr_1_82?crid=13LMAMNW5PMHP&keywords=games+ps4&qid=1671535633&sprefix=video+games%2Caps%2C229&sr=8-82
Batman: Arkham Knight (PS4),"₹1,999","₹1,233",4.4,"(1,856)",http://amazon.in/Warner-Bros-5051892170543-Batman-Arkham/dp/B00IS6S7SU/ref=sr_1_83?crid=13LMAMNW5PMHP&keywords=games+ps4&qid=1671535633&sprefix=video+games%2Caps%2C229&sr=8-83
WWE 2K20 (PS4),"₹2,999","₹1,898",4.1,"(1,429)",http://amazon.in/2K-Games-WWE-2K20-PS4/dp/B07W6G9SCB/ref=sr_1_84?crid=13LMAMNW5PMHP&keywords=games+ps4&qid=1671535633&sprefix=video+games%2Caps%2C229&sr=8-84
Watch Dogs 2 (PS4),"₹1,299",₹999,4.3,"(1,137)",http://amazon.in/UBI-Soft-Watch-Dogs-PS4/dp/B01H3PRC0U/ref=sr_1_85?crid=13LMAMNW5PMHP&keywords=games+ps4&qid=1671535633&sprefix=video+games%2Caps%2C229&sr=8-85
Battlefield 2042 (PS4),"₹3,999","₹1,415",2.8,(8),http://amazon.in/Electronic-Arts-Battlefield-2042-PS4/dp/B097SPY9D4/ref=sr_1_86?crid=13LMAMNW5PMHP&keywords=games+ps4&qid=1671535633&sprefix=video+games%2Caps%2C229&sr=8-86
Tekken 7 (PS4),"₹1,799","₹1,293",4.4,"(1,342)",http://amazon.in/Namco-217940-Tekken-7-PS4/dp/B071WC5TKG/ref=sr_1_87?crid=13LMAMNW5PMHP&keywords=games+ps4&qid=1671535633&sprefix=video+games%2Caps%2C229&sr=8-87
ACTIVISION Call of Duty: WWII (PS4),"₹2,999","₹1,800",4.3,"(7,463)",http://amazon.in/Call-of-Duty-WWII-PS4/dp/B071DHJC43/ref=sr_1_88?crid=13LMAMNW5PMHP&keywords=games+ps4&qid=1671535633&sprefix=video+games%2Caps%2C229&sr=8-88
Ratchet and Clank (PS4),"₹2,499",₹840,4.3,(383),http://amazon.in/Sony-165583-Ratchet-and-Clank/dp/B01EADW29E/ref=sr_1_89?crid=13LMAMNW5PMHP&keywords=games+ps4&qid=1671535633&sprefix=video+games%2Caps%2C229&sr=8-89
Hitman 3 (PS4),"₹3,999","₹2,244",4.2,(83),http://amazon.in/Square-Enix-Hitman-3-PS4/dp/B08P5Y3V2Q/ref=sr_1_90?crid=13LMAMNW5PMHP&keywords=games+ps4&qid=1671535633&sprefix=video+games%2Caps%2C229&sr=8-90
F1 2021 (PS4),"₹3,999","₹2,699",4.7,(107),http://amazon.in/Electronic-Arts-F1-2021-PS4/dp/B0933GGTVH/ref=sr_1_91?crid=13LMAMNW5PMHP&keywords=games+ps4&qid=1671535633&sprefix=video+games%2Caps%2C229&sr=8-91
"PXN Arcade Fight Stick,USB Wired PC Street Game Fighting Joystick Game Controller for PS3 / PS4 / Switch/Xbox One/PC","₹4,990","₹3,990",4.2,(112),http://amazon.in/PXN-Arcade-Fighting-Joystick-Controller/dp/B08C9Z1P53/ref=sr_1_92?crid=13LMAMNW5PMHP&keywords=games+ps4&qid=1671535633&sprefix=video+games%2Caps%2C229&sr=8-92
Naruto Shippuden - Ultimate Ninja Storm 4: Road to Boruto (PS4),"₹2,499","₹1,427.31",4.4,(95),http://amazon.in/Naruto-Shippuden-Ultimate-Ninja-Boruto/dp/B01MZ5TD39/ref=sr_1_93?crid=13LMAMNW5PMHP&keywords=games+ps4&qid=1671535633&sprefix=video+games%2Caps%2C229&sr=8-93
Bloodborn Hits (PS4),"₹1,499",₹915,4.3,(237),http://amazon.in/Sony-CUSA-00207-H-Bloodborn/dp/B07GQ38L35/ref=sr_1_94?crid=13LMAMNW5PMHP&keywords=games+ps4&qid=1671535633&sprefix=video+games%2Caps%2C229&sr=8-94
Jump Force (PS4),"₹2,499","₹2,390",4.0,(100),http://amazon.in/Namco-Jump-Force-PS4/dp/B07MQ6L4Q3/ref=sr_1_95?crid=13LMAMNW5PMHP&keywords=games+ps4&qid=1671535633&sprefix=video+games%2Caps%2C229&sr=8-95
LEGO Marvel Super Heroes (PS4),"₹1,999","₹1,455",4.5,"(1,743)",http://amazon.in/LEGO-Marvel-Super-Heroes-PS4/dp/B00DUARBTA/ref=sr_1_96?crid=13LMAMNW5PMHP&keywords=games+ps4&qid=1671535633&sprefix=video+games%2Caps%2C229&sr=8-96
Graphixdesign PS4 Controller Designer 3M Skin for PlayStation 4 Wireless Controller Skin for One Controller Only,₹499,₹250,5.0,(1),http://amazon.in/Graphixdesign-Controller-Designer-PlayStation-DualShock/dp/B08S5XGMXS/ref=sr_1_97?crid=13LMAMNW5PMHP&keywords=games+ps4&qid=1671535635&sprefix=video+games%2Caps%2C229&sr=8-97
Naruto Shippuden Ultimate Ninja Storm Trilogy PS4 (PS4),"₹2,499","₹1,950",4.6,"(1,176)",http://amazon.in/Naruto-Shippuden-Ultimate-Ninja-Trilogy/dp/B0764BJRQB/ref=sr_1_99?crid=13LMAMNW5PMHP&keywords=games+ps4&qid=1671535635&sprefix=video+games%2Caps%2C229&sr=8-99
Middle-Earth: Shadow Of War - PlayStation 4,₹999,₹975,4.2,"(1,371)",http://amazon.in/Middle-Earth-Shadow-War-PlayStation-4/dp/B06WWDVBKT/ref=sr_1_100?crid=13LMAMNW5PMHP&keywords=games+ps4&qid=1671535635&sprefix=video+games%2Caps%2C229&sr=8-100
Just Cause 4 (PS4),"₹1,499",₹979,4.0,(401),http://amazon.in/Square-Enix-Just-Cause-PS4/dp/B07DRSBSSL/ref=sr_1_101?crid=13LMAMNW5PMHP&keywords=games+ps4&qid=1671535635&sprefix=video+games%2Caps%2C229&sr=8-101
Big Bash Boom (PS4),"₹1,499",₹399,3.4,(386),http://amazon.in/Big-Ant-Studios-Bash-Boom/dp/B082P5L2C9/ref=sr_1_102?crid=13LMAMNW5PMHP&keywords=games+ps4&qid=1671535635&sprefix=video+games%2Caps%2C229&sr=8-102
Naruto Shippuden: Ultimate Ninja Storm 4 - Road to Boruto forPlayStation 4,"₹2,499","₹1,603",4.6,"(2,781)",http://amazon.in/Naruto-Shippuden-Ultimate-Boruto-forPlayStation/dp/B01MD2BVE7/ref=sr_1_103?crid=13LMAMNW5PMHP&keywords=games+ps4&qid=1671535635&sprefix=video+games%2Caps%2C229&sr=8-103
Dying Light 2 (PS4),"₹3,999","₹3,241.73",3.7,(20),http://amazon.in/Techland-Dying-Light-2-PS4/dp/B09DGV8JMD/ref=sr_1_104?crid=13LMAMNW5PMHP&keywords=games+ps4&qid=1671535635&sprefix=video+games%2Caps%2C229&sr=8-104
Rockstar Grand Theft Auto V (PS4),"₹2,499","₹1,555",4.3,"(6,466)",http://amazon.in/Grand-Theft-Auto-V-PS4/dp/B00KL4AROO/ref=sr_1_105?crid=13LMAMNW5PMHP&keywords=games+ps4&qid=1671535635&sprefix=video+games%2Caps%2C229&sr=8-105
Take 2 2K Games Ps4 Mafia Iii,"₹2,999","₹1,530",4.3,"(1,009)",http://amazon.in/Take-Games-Ps4-Mafia-Iii/dp/B012TBHIHU/ref=sr_1_106?crid=13LMAMNW5PMHP&keywords=games+ps4&qid=1671535635&sprefix=video+games%2Caps%2C229&sr=8-106
Dishonored 2 (PS4),₹999,₹799,4.4,(211),http://amazon.in/Bethesda-Dishonored-2-PS4/dp/B01GA43S5S/ref=sr_1_107?crid=13LMAMNW5PMHP&keywords=games+ps4&qid=1671535635&sprefix=video+games%2Caps%2C229&sr=8-107
Dragon Ball Fighter Z (PS4),"₹2,999","₹1,254",3.8,(133),http://amazon.in/Dragon-Ball-Fighter-Z-PS4/dp/B0791B6SBK/ref=sr_1_108?crid=13LMAMNW5PMHP&keywords=games+ps4&qid=1671535635&sprefix=video+games%2Caps%2C229&sr=8-108
Borderlands 3 (PS4),"₹1,499",₹616.21,4.3,"(1,421)",http://amazon.in/2K-GAMES-225103-Borderlands-PS4/dp/B07QZ67JWM/ref=sr_1_109?crid=13LMAMNW5PMHP&keywords=games+ps4&qid=1671535635&sprefix=video+games%2Caps%2C229&sr=8-109
Rise of the Tomb Raider - 20 Year Celebration (PS4),"₹1,999","₹1,188",4.5,"(3,375)",http://amazon.in/Rise-Tomb-Raider-Year-Celebration/dp/B01MDKLX4M/ref=sr_1_110?crid=13LMAMNW5PMHP&keywords=games+ps4&qid=1671535635&sprefix=video+games%2Caps%2C229&sr=8-110
Sleeping Dogs - Definitive Edition,"₹2,199","₹1,299",4.3,(177),http://amazon.in/Square-Enix-Sleeping-Dogs-Definitive/dp/B00N9SWI78/ref=sr_1_111?crid=13LMAMNW5PMHP&keywords=games+ps4&qid=1671535635&sprefix=video+games%2Caps%2C229&sr=8-111
Battlefield 1 (PS4),"₹1,499",₹899,4.3,(569),http://amazon.in/Electronic-Arts-Battlefield-1-PS4/dp/B01FH6YI9A/ref=sr_1_112?crid=13LMAMNW5PMHP&keywords=games+ps4&qid=1671535635&sprefix=video+games%2Caps%2C229&sr=8-112
Call of Duty: Modern Warfare Remastered (PS4),"₹2,799","₹2,459",4.6,"(2,858)",http://amazon.in/ACTIVISION-Call-Duty-Warfare-Remastered/dp/B071KK5718/ref=sr_1_113?crid=13LMAMNW5PMHP&keywords=games+ps4&qid=1671535637&sprefix=video+games%2Caps%2C229&sr=8-113
GT Sport (PS4),"₹1,499",₹849,4.3,(454),http://amazon.in/SIEE-220427-Gran-Turismo-Sport/dp/B0743HVKTF/ref=sr_1_114?crid=13LMAMNW5PMHP&keywords=games+ps4&qid=1671535637&sprefix=video+games%2Caps%2C229&sr=8-114
Tomb Raider Definitive (PS4),"₹1,499","₹1,164",4.3,(167),http://amazon.in/Square-Enix-Tomb-Raider-Definitive/dp/B00I3F74IA/ref=sr_1_115?crid=13LMAMNW5PMHP&keywords=games+ps4&qid=1671535637&sprefix=video+games%2Caps%2C229&sr=8-115
PS4 Dragon Age Inquisition (PS4),"₹1,999","₹1,199",4.4,(742),http://amazon.in/81551-Dragon-Age-Inquisition-PS4/dp/B00JXFXL7W/ref=sr_1_116?crid=13LMAMNW5PMHP&keywords=games+ps4&qid=1671535637&sprefix=video+games%2Caps%2C229&sr=8-116
LEGO DC Super Villains (PS4),"₹1,999","₹1,322",4.4,(26),http://amazon.in/LEGO-DC-Super-Villains-PS4/dp/B07DW7VXNY/ref=sr_1_117?crid=13LMAMNW5PMHP&keywords=games+ps4&qid=1671535637&sprefix=video+games%2Caps%2C229&sr=8-117
Ride 4 (PS4),"₹3,499","₹2,480",4.0,(11),http://amazon.in/Milestones-Ride-4-PS4/dp/B08C37XMKM/ref=sr_1_118?crid=13LMAMNW5PMHP&keywords=games+ps4&qid=1671535637&sprefix=video+games%2Caps%2C229&sr=8-118
Mad Max (PS4),"₹1,499","₹1,299",4.3,(132),http://amazon.in/Warner-Bros-Mad-Max-PS4/dp/B00I3ZX5II/ref=sr_1_119?crid=13LMAMNW5PMHP&keywords=games+ps4&qid=1671535637&sprefix=video+games%2Caps%2C229&sr=8-119
Metal Gear Solid V: The Definitive Experience (PS4),"₹1,999","₹1,350",4.3,(232),http://amazon.in/Metal-Gear-Solid-Definitive-Experience/dp/B01LZGLB9E/ref=sr_1_120?crid=13LMAMNW5PMHP&keywords=games+ps4&qid=1671535637&sprefix=video+games%2Caps%2C229&sr=8-120
FLAWISH ABS Metal Full Housing Shell Case Button Kit Parts for Sony PlayStation 4 PS4 Wireless Controller Red [video game],"₹4,090","₹1,894",,,http://amazon.in/Housing-Button-PlayStation-Wireless-Controller/dp/B07CMCLL43/ref=sr_1_121?crid=13LMAMNW5PMHP&keywords=games+ps4&qid=1671535637&sprefix=video+games%2Caps%2C229&sr=8-121
Cosmic Byte Stratos Xenon PS4/iOS/Android Wireless Programmable Gamepad (Black),"₹3,499","₹2,699",4.0,(173),http://amazon.in/Cosmic-Byte-Stratos-Xenon-Programmable/dp/B0B24CFN6Z/ref=sr_1_122?crid=13LMAMNW5PMHP&keywords=games+ps4&qid=1671535637&sprefix=video+games%2Caps%2C229&sr=8-122
WWE 2K Battlegrounds (PS4),"₹2,499",₹730.15,4.1,(90),http://amazon.in/2K-Games-WWE-Battlegrounds-PS4/dp/B08CRYFKPK/ref=sr_1_123?crid=13LMAMNW5PMHP&keywords=games+ps4&qid=1671535637&sprefix=video+games%2Caps%2C229&sr=8-123
Assassins Creed III Remastered (PS4),"₹1,999","₹1,305",4.6,(78),http://amazon.in/Assassins-Creed-III-Remastered-PS4/dp/B07PZHD6RF/ref=sr_1_124?crid=13LMAMNW5PMHP&keywords=games+ps4&qid=1671535637&sprefix=video+games%2Caps%2C229&sr=8-124
Capcom Devil May Cry 5 (PS4),"₹1,999","₹1,609",4.4,(319),http://amazon.in/Devil-May-Cry-5-PS4/dp/B07DRSF215/ref=sr_1_125?crid=13LMAMNW5PMHP&keywords=games+ps4&qid=1671535637&sprefix=video+games%2Caps%2C229&sr=8-125
Sonic Forces (PS4) (PS4),"₹2,899","₹1,956",4.6,"(1,005)",http://amazon.in/SEGA-PS400931-Sonic-Forces-PS4/dp/B0795ZY4X5/ref=sr_1_126?crid=13LMAMNW5PMHP&keywords=games+ps4&qid=1671535637&sprefix=video+games%2Caps%2C229&sr=8-126
Saints Row | Day One Edition| PlayStation4 PS4| Day 1 Edition contains base game + Idols of Anarchy Pack,"₹3,999","₹2,499",4.0,(4),http://amazon.in/Saints-PlayStation4-contains-Idols-Anarchy/dp/B0B6RHZ9HS/ref=sr_1_127?crid=13LMAMNW5PMHP&keywords=games+ps4&qid=1671535637&sprefix=video+games%2Caps%2C229&sr=8-127
The Witcher 3: Wild Hunt - Game of the Year Edition - PS4 (Free PS5 Upgrade),"₹2,999","₹2,399",4.7,(6),http://amazon.in/Witcher-Wild-Hunt-Game-Year/dp/B08FFSH4XP/ref=sr_1_128?crid=13LMAMNW5PMHP&keywords=games+ps4&qid=1671535637&sprefix=video+games%2Caps%2C229&sr=8-128
Far Cry 4 (PS4),"₹1,299","₹1,044",4.5,(774),http://amazon.in/UBI-Soft-PS4-Far-Cry/dp/B00L8XUB1G/ref=sr_1_129?crid=13LMAMNW5PMHP&keywords=games+ps4&qid=1671535640&sprefix=video+games%2Caps%2C229&sr=8-129
Call of Duty: Advanced Warfare (PS4),"₹4,299","₹2,499",4.4,"(1,684)",http://amazon.in/Call-Duty-Advanced-Warfare-PS4/dp/B00MO6ZHV0/ref=sr_1_130?crid=13LMAMNW5PMHP&keywords=games+ps4&qid=1671535640&sprefix=video+games%2Caps%2C229&sr=8-130
eFootball PES 2020 (PS4),"₹1,999","₹1,131",4.4,(126),http://amazon.in/Konami-eFootball-PES-2020-PS4/dp/B07VS3D5DP/ref=sr_1_131?crid=13LMAMNW5PMHP&keywords=games+ps4&qid=1671535640&sprefix=video+games%2Caps%2C229&sr=8-131
Porro Fino PS4 PS5 Accessories 2 pcs 10 in 1 Game CD Discs Storage Bracket Holder for Sony Playstation 4 ps4 pro ps4 slim Games Disk Stand,₹999,₹735,4.1,(23),http://amazon.in/Porro-Fino-Accessories-Storage-Playstation/dp/B08PFWXN2L/ref=sr_1_132?crid=13LMAMNW5PMHP&keywords=games+ps4&qid=1671535640&sprefix=video+games%2Caps%2C229&sr=8-132
Control (PS4),"₹1,999","₹1,614.88",4.2,(87),http://amazon.in/505-Games-Control-PS4/dp/B07Q6ZKZZW/ref=sr_1_133?crid=13LMAMNW5PMHP&keywords=games+ps4&qid=1671535640&sprefix=video+games%2Caps%2C229&sr=8-133
PS4 Marvel's Spider-Man: Miles Morales (PS4)+Assassin's Creed Valhalla Drakkar Edition (Free PS5 Upgrade),"₹7,998","₹3,975",4.8,(9),http://amazon.in/PS4-Marvels-Spider-Man-Assassins-Valhalla/dp/B08NRSVM13/ref=sr_1_134?crid=13LMAMNW5PMHP&keywords=games+ps4&qid=1671535640&sprefix=video+games%2Caps%2C229&sr=8-134
Capcom Resident Evil 2 (PS4),"₹2,499","₹1,545",4.4,(218),http://amazon.in/Resident-Evil-2-Remake-PS4/dp/B07DWMN718/ref=sr_1_135?crid=13LMAMNW5PMHP&keywords=games+ps4&qid=1671535640&sprefix=video+games%2Caps%2C229&sr=8-135
Call of Duty: Black Ops Cold War (PS4),"₹6,499","₹3,975",3.8,(70),http://amazon.in/Call-Duty-Black-Ops-Cold/dp/B07SKJBZQF/ref=sr_1_137?crid=13LMAMNW5PMHP&keywords=games+ps4&qid=1671535640&sprefix=video+games%2Caps%2C229&sr=8-137
"Cosmic Byte Equinox Polaris 7.1 Surround RGB USB Gaming Headset for PC, PS4, PS5 (Black)","₹3,699","₹2,112",4.3,(161),http://amazon.in/Cosmic-Byte-Equinox-Polaris-Surround/dp/B0982FXN1Z/ref=sr_1_138?crid=13LMAMNW5PMHP&keywords=games+ps4&qid=1671535640&sprefix=video+games%2Caps%2C229&sr=8-138
PS4 Ace Combat 7 Skies Unknown (PS4),"₹1,999","₹1,329",4.5,"(3,779)",http://amazon.in/Bandai-12084-Ace-Combat-PlayStation/dp/B01MUDTTIP/ref=sr_1_139?crid=13LMAMNW5PMHP&keywords=games+ps4&qid=1671535640&sprefix=video+games%2Caps%2C229&sr=8-139
The Witcher 3: Wild Hunt - Game of the Year Edition (Free PS5 Upgrade),"₹2,499","₹1,799",4.4,(572),http://amazon.in/Witcher-Wild-Hunt-Game-Year/dp/B01KZ2GY7A/ref=sr_1_141?crid=13LMAMNW5PMHP&keywords=games+ps4&qid=1671535640&sprefix=video+games%2Caps%2C229&sr=8-141
Crash Team Racing - Nitro Fueled (PS4),"₹3,999","₹2,439",4.5,"(5,076)",http://amazon.in/Crash-Team-Racing-Nitro-Fueled/dp/B07L4F8LJW/ref=sr_1_142?crid=13LMAMNW5PMHP&keywords=games+ps4&qid=1671535640&sprefix=video+games%2Caps%2C229&sr=8-142
Sold Out Sniper Elite 4 - PlayStation 4,"₹2,099","₹1,793",4.5,"(2,643)",http://amazon.in/Sold-Out-Sniper-Elite-PlayStation/dp/B01IPARX1A/ref=sr_1_143?crid=13LMAMNW5PMHP&keywords=games+ps4&qid=1671535640&sprefix=video+games%2Caps%2C229&sr=8-143
Mass Effect: Legendary Edition (PS4),"₹3,999","₹3,021",4.4,(35),http://amazon.in/Mass-Effect-Legendary-Edition-PS4/dp/B08VP8KCXW/ref=sr_1_144?crid=13LMAMNW5PMHP&keywords=games+ps4&qid=1671535640&sprefix=video+games%2Caps%2C229&sr=8-144
FLAWISH ABS Metal full Housing Shell Case Button Kit Parts for Sony PlayStation 4 PS4 Wireless Controller Green Color [video game],"₹4,116","₹1,900",,,http://amazon.in/Housing-Button-PlayStation-Wireless-Controller/dp/B07CMLZCWL/ref=sr_1_145?crid=13LMAMNW5PMHP&keywords=games+ps4&qid=1671535643&sprefix=video+games%2Caps%2C229&sr=8-145
"Horizon Forbidden West | Standard Edition | PS4 Game (PlayStation 4)+PowerA FUSION Wired FightPad Gaming Controller for PlayStation 4, PS4, Blue (Officially Licensed)","₹9,498","₹3,186",,,http://amazon.in/Forbidden-Standard-PlayStation-Controller-Officially/dp/B0BN568XGX/ref=sr_1_146?crid=13LMAMNW5PMHP&keywords=games+ps4&qid=1671535643&sprefix=video+games%2Caps%2C229&sr=8-146
Ace Combat 7: Skies Unknown (PS4),"₹2,299","₹1,433",4.5,"(2,855)",http://amazon.in/ACE-COMBAT-7-SKIES-UNKNOWN/dp/B073FFRVKQ/ref=sr_1_147?crid=13LMAMNW5PMHP&keywords=games+ps4&qid=1671535643&sprefix=video+games%2Caps%2C229&sr=8-147
Sony PS4 Death Stranding (PS4),"₹3,999","₹1,480",4.5,(706),http://amazon.in/SIEE-025626-001-PS4-Death-Stranding/dp/B07V7KV81S/ref=sr_1_148?crid=13LMAMNW5PMHP&keywords=games+ps4&qid=1671535643&sprefix=video+games%2Caps%2C229&sr=8-148
Doom (PS4),"₹1,299",₹999,4.4,(305),http://amazon.in/Bethesda-Doom-PS4/dp/B01E75FK1C/ref=sr_1_149?crid=13LMAMNW5PMHP&keywords=games+ps4&qid=1671535643&sprefix=video+games%2Caps%2C229&sr=8-149
Jump Force(tbd),"₹2,799","₹2,390",4.6,"(3,587)",http://amazon.in/Jump-Force-Standard-PlayStation-4/dp/B07DKZ9K11/ref=sr_1_150?crid=13LMAMNW5PMHP&keywords=games+ps4&qid=1671535643&sprefix=video+games%2Caps%2C229&sr=8-150
Cricket 19 International Edition (PS4),"₹2,999","₹2,099",3.8,(56),http://amazon.in/Cricket-19-International-Edition-PS4/dp/B07X6RTZ1Q/ref=sr_1_151?crid=13LMAMNW5PMHP&keywords=games+ps4&qid=1671535643&sprefix=video+games%2Caps%2C229&sr=8-151
PS4 Resident Evil Village (Free PS5 Upgrade) (PS4),"₹4,999","₹2,799",4.3,(92),http://amazon.in/Resident-Evil-Village-Free-Upgrade/dp/B08WXJ41Q4/ref=sr_1_153?crid=13LMAMNW5PMHP&keywords=games+ps4&qid=1671535643&sprefix=video+games%2Caps%2C229&sr=8-153
Watch Dogs: Legion Resistance Edition (Free PS5 Upgrade),"₹1,799","₹1,273.67",4.3,(316),http://amazon.in/UBI-Soft-Watch-Dogs-Legion/dp/B07YVW2VW3/ref=sr_1_154?crid=13LMAMNW5PMHP&keywords=games+ps4&qid=1671535643&sprefix=video+games%2Caps%2C229&sr=8-154
Doom VFR (PS4) (PS4),"₹2,199",₹730.19,4.5,(680),http://amazon.in/Bethesda-DO4CVRP4PEUK-Doom-VFR-PS4/dp/B073V6XKS6/ref=sr_1_155?crid=13LMAMNW5PMHP&keywords=games+ps4&qid=1671535643&sprefix=video+games%2Caps%2C229&sr=8-155
Need for Speed Heat (PS4)+Grand Theft Auto V - Premium Edition (PS4),"₹4,198","₹2,298",4.4,(2),http://amazon.in/Need-Speed-Heat-Grand-Theft/dp/B08NV181MY/ref=sr_1_156?crid=13LMAMNW5PMHP&keywords=games+ps4&qid=1671535643&sprefix=video+games%2Caps%2C229&sr=8-156
LEGO Harry Potter Collection (PS 4),"₹1,499","₹1,274",4.1,(33),http://amazon.in/LEGO-Harry-Potter-Collection-PS/dp/B01M3SHXJN/ref=sr_1_157?crid=13LMAMNW5PMHP&keywords=games+ps4&qid=1671535643&sprefix=video+games%2Caps%2C229&sr=8-157
WRC 8 (PS4),"₹4,599","₹1,933.32",4.0,(53),http://amazon.in/Sony-WRC-8-PS4/dp/B07WL5G7BH/ref=sr_1_158?crid=13LMAMNW5PMHP&keywords=games+ps4&qid=1671535643&sprefix=video+games%2Caps%2C229&sr=8-158
Metal Gear Survive (PS4),"₹1,299",₹537,3.1,(8),http://amazon.in/Konami-Metal-Gear-Survive-PS4/dp/B07919QXL4/ref=sr_1_159?crid=13LMAMNW5PMHP&keywords=games+ps4&qid=1671535643&sprefix=video+games%2Caps%2C229&sr=8-159
Prey (PS4),"₹1,299",₹996,4.0,(48),http://amazon.in/Bethesda-Prey-PS4/dp/B01HRK3YYO/ref=sr_1_160?crid=13LMAMNW5PMHP&keywords=games+ps4&qid=1671535643&sprefix=video+games%2Caps%2C229&sr=8-160
Dark Souls - Remastered (PS4),"₹2,499","₹1,433",4.7,"(1,252)",http://amazon.in/Namco-3391891997324-Dark-Souls-Remastered/dp/B0792KDRVW/ref=sr_1_161?crid=13LMAMNW5PMHP&keywords=games+ps4&qid=1671535646&sprefix=video+games%2Caps%2C229&sr=8-161
Spider-Man - PlayStation 4,"₹2,499","₹1,187",4.7,"(9,932)",http://amazon.in/Sony-3001885-Spider-Man-PlayStation-4/dp/B01GW8YDLK/ref=sr_1_162?crid=13LMAMNW5PMHP&keywords=games+ps4&qid=1671535646&sprefix=video+games%2Caps%2C229&sr=8-162
NIOH (PS4),"₹1,999","₹1,932",4.4,(139),http://amazon.in/Koei-Tecmo-182579-NIOH-PS4/dp/B01N19H3BJ/ref=sr_1_163?crid=13LMAMNW5PMHP&keywords=games+ps4&qid=1671535646&sprefix=video+games%2Caps%2C229&sr=8-163
Star Wars Jedi: Fallen Order (PS4),"₹4,499","₹1,755",4.6,"(9,657)",http://amazon.in/Star-Wars-Jedi-Fallen-Order/dp/B07QN7HVMH/ref=sr_1_164?crid=13LMAMNW5PMHP&keywords=games+ps4&qid=1671535646&sprefix=video+games%2Caps%2C229&sr=8-164
LEGO City Undercover (PS4),"₹1,499",₹849,3.8,(30),http://amazon.in/Warner-Brothers-LEGO-City-Undercover/dp/B06XRWM99V/ref=sr_1_165?crid=13LMAMNW5PMHP&keywords=games+ps4&qid=1671535646&sprefix=video+games%2Caps%2C229&sr=8-165
"Arcade Controller,USB Game Joystick and Buttons DIY Kit with 20 DIY LED Illuminated Arcade Game Buttons+2 Joysticks+2USB Encoder Supports Windows,Ps3.Ps4 and Other Fight Game","₹24,598","₹8,271",,,http://amazon.in/Controller-Joystick-Illuminated-Joysticks-Supports/dp/B09888FPPG/ref=sr_1_166?crid=13LMAMNW5PMHP&keywords=games+ps4&qid=1671535646&sprefix=video+games%2Caps%2C229&sr=8-166
"Elton PS4 Controller Designer 3M Skin for Sony PlayStation 4, PS4 Slim, Ps4 Pro DualShock Remote Wireless Controller - Assassins Creed, Skin for One Controller Only [video game]",₹249,₹199,,,http://amazon.in/Controller-Designer-PlayStation-DualShock-Wireless/dp/B078WTT9HQ/ref=sr_1_167?crid=13LMAMNW5PMHP&keywords=games+ps4&qid=1671535646&sprefix=video+games%2Caps%2C229&sr=8-167
"Elden Ring (PS4) +Nitho ADONIS - Controller Compatible with PS4, Wireless Gamepad with Joystick/Rumble & Motion Control/Headphone Jack Compatible with Playstation 4, Camo","₹7,498","₹6,360",,,http://amazon.in/Elden-Ring-PS4-Nitho-ADONIS/dp/B0BP1G36NN/ref=sr_1_168?crid=13LMAMNW5PMHP&keywords=games+ps4&qid=1671535646&sprefix=video+games%2Caps%2C229&sr=8-168
Detroit: Become Human (PS4),"₹1,499","₹1,275",4.5,(586),http://amazon.in/Sony-180853-Detroit-Become-Human/dp/B07CR3QKQL/ref=sr_1_169?crid=13LMAMNW5PMHP&keywords=games+ps4&qid=1671535646&sprefix=video+games%2Caps%2C229&sr=8-169
"PSS PS4 Controller Compatible with PS4/Pro/Slim, Wireless Controller with Built-in Speaker and Stereo Headset Jack 2.5MM –Auto Fire Turbo Button (White)","₹4,990","₹1,990",4.4,(8),http://amazon.in/PSS-Controller-Compatible-Wireless-Speaker/dp/B0B9T3BQDL/ref=sr_1_170?crid=13LMAMNW5PMHP&keywords=games+ps4&qid=1671535646&sprefix=video+games%2Caps%2C229&sr=8-170
Horizon Zero Dawn (PS4),"₹2,499",₹989,4.5,(830),http://amazon.in/Sony-217769-Horizon-Zero-Dawn/dp/B06VV22K8R/ref=sr_1_171?crid=13LMAMNW5PMHP&keywords=games+ps4&qid=1671535646&sprefix=video+games%2Caps%2C229&sr=8-171
"EvoFox Elite Play Wireless Controller for PS4, Ipad and Iphones | Bluetooth 5.0 | Dual Vibration | 6 - Axis Gyro Sensor | 10 Hours of Game Play | Touch Panel | Built in Speaker | 3.5 mm Headset Port | (Blue)","₹3,299","₹2,499",4.1,(214),http://amazon.in/EvoFox-Elite-Play-Controller-Connection/dp/B09TKYNVQN/ref=sr_1_172?crid=13LMAMNW5PMHP&keywords=games+ps4&qid=1671535646&sprefix=video+games%2Caps%2C229&sr=8-172
TCOS TECH PS5 PS4 Xbox Series X Series S Xbox One CD Disks Card Holder Game Card Box for PS5 PS4 Game CD Case Storage Stand Holder Bracket for PlayStation Video Game Holder Tower (Holds 12 CDs),"₹2,999","₹1,299",5.0,(7),http://amazon.in/TCOS-TECH-Storage-Bracket-PlayStation/dp/B09V9CPX5L/ref=sr_1_173?crid=13LMAMNW5PMHP&keywords=games+ps4&qid=1671535646&sprefix=video+games%2Caps%2C229&sr=8-173
PS4 TENNIS WORLD TOUR (PS4),"₹2,499","₹1,888",4.0,(110),http://amazon.in/TWT-PS4-Tennis-World-Tour-PS4/dp/B07BTR2X1C/ref=sr_1_175?crid=13LMAMNW5PMHP&keywords=games+ps4&qid=1671535646&sprefix=video+games%2Caps%2C229&sr=8-175
"New World Wireless Controllers For PS4 Compatible with PS4 PlayStation 4 Game Controllers for PS4 Fat ,PS4 Pro, PS4 Slim-Built-in Speaker - Stereo Headset Jack Multitouch Pad -RED","₹2,999","₹1,923",2.2,(7),http://amazon.in/New-World-Controllers-PlayStation-Slim-Built/dp/B09SDP2J48/ref=sr_1_176?crid=13LMAMNW5PMHP&keywords=games+ps4&qid=1671535646&sprefix=video+games%2Caps%2C229&sr=8-176
Bloodborne (PS4),"₹1,499",₹939,4.0,(176),http://amazon.in/Sony-Bloodborne-PS4/dp/B00U62BFB0/ref=sr_1_177?crid=13LMAMNW5PMHP&keywords=games+ps4&qid=1671535649&sprefix=video+games%2Caps%2C229&sr=8-177
Just Cause 4 - Steelbook Edition (PS4),"₹3,799","₹1,315",4.0,(182),http://amazon.in/Just-Cause-4-Steelbook-PS4/dp/B07K7XLZ4Z/ref=sr_1_178?crid=13LMAMNW5PMHP&keywords=games+ps4&qid=1671535649&sprefix=video+games%2Caps%2C229&sr=8-178
Thrustmaster T80 Ferrari 488 GTB Edition | Racing Game Wheel | PS5/PS4/PC,"₹13,999","₹11,599",4.0,(44),http://amazon.in/Thrustmaster-Steering-Wheels-FERRARI-Black/dp/B07N8CF8K4/ref=sr_1_179?crid=13LMAMNW5PMHP&keywords=games+ps4&qid=1671535649&sprefix=video+games%2Caps%2C229&sr=8-179
Team Sonic Racing 30th Anniversary Edition (PS4),"₹2,999","₹2,789",5.0,(1),http://amazon.in/Team-Sonic-Racing-30th-Anniversary/dp/B09DGV1DDF/ref=sr_1_180?crid=13LMAMNW5PMHP&keywords=games+ps4&qid=1671535649&sprefix=video+games%2Caps%2C229&sr=8-180
Resident Evil 7: Biohazard - Gold Edition (PS4),"₹2,499","₹1,880",4.5,(147),http://amazon.in/Resident-Evil-Biohazard-Gold-PS4/dp/B076P4HRVT/ref=sr_1_181?crid=13LMAMNW5PMHP&keywords=games+ps4&qid=1671535649&sprefix=video+games%2Caps%2C229&sr=8-181
God Of War - PlayStation Hits (PS4) (PS4),"₹1,399",₹930,4.7,"(4,128)",http://amazon.in/God-War-PlayStation-Hits-PS4/dp/B07XZH9B3H/ref=sr_1_182?crid=13LMAMNW5PMHP&keywords=games+ps4&qid=1671535649&sprefix=video+games%2Caps%2C229&sr=8-182
Lego: Jurassic World (PS4),"₹1,499","₹1,274",4.0,(78),http://amazon.in/Warner-Bros-Lego-Jurassic-World/dp/B00U0YGGY0/ref=sr_1_183?crid=13LMAMNW5PMHP&keywords=games+ps4&qid=1671535649&sprefix=video+games%2Caps%2C229&sr=8-183
UFC 4 (PS4),"₹2,499","₹2,266",4.2,(92),http://amazon.in/Electronic-Arts-UFC-4-PS4/dp/B08CRZBY99/ref=sr_1_184?crid=13LMAMNW5PMHP&keywords=games+ps4&qid=1671535649&sprefix=video+games%2Caps%2C229&sr=8-184
Wolfenstein: The Old Blood (PS4),"₹1,299","₹1,022",4.4,(38),http://amazon.in/Wolfenstein-The-Old-Blood-PS4/dp/B00UMOY1T0/ref=sr_1_185?crid=13LMAMNW5PMHP&keywords=games+ps4&qid=1671535649&sprefix=video+games%2Caps%2C229&sr=8-185
Tom Clancy's: Rainbow Six Siege (Free PS5 Upgrade),"₹1,299",₹687,4.0,(243),http://amazon.in/Tom-Clancys-Rainbow-Six-Siege/dp/B00YGK7HBU/ref=sr_1_186?crid=13LMAMNW5PMHP&keywords=games+ps4&qid=1671535649&sprefix=video+games%2Caps%2C229&sr=8-186
"Logitech G29 Driving Force Racing Wheel and Floor Pedals, Real Force, Stainless Steel Paddle Shifters, Leather Steering Wheel Cover, Adjustable Floor Pedals, PS5/PS4/PS3/PC/Mac – Black","₹36,695","₹27,995",4.5,(923),http://amazon.in/Logitech-G29-Driving-Force-Racing/dp/B013DYX7BS/ref=sr_1_187?crid=13LMAMNW5PMHP&keywords=games+ps4&qid=1671535649&sprefix=video+games%2Caps%2C229&sr=8-187
Resident Evil 7: Biohazard - VR Compatible - Playstation Hits (PS4),"₹2,399","₹1,348",4.6,"(1,099)",http://amazon.in/Resident-Evil-Biohazard-Compatible-Playstation/dp/B07TQNC5L2/ref=sr_1_188?crid=13LMAMNW5PMHP&keywords=games+ps4&qid=1671535649&sprefix=video+games%2Caps%2C229&sr=8-188
Fortnite: The Last Laugh Bundle (PS4),"₹2,499","₹2,399",3.4,(76),http://amazon.in/Fortnite-Last-Laugh-Bundle-PS4/dp/B08GQYW5J3/ref=sr_1_189?crid=13LMAMNW5PMHP&keywords=games+ps4&qid=1671535649&sprefix=video+games%2Caps%2C229&sr=8-189
Alan Wake Remastered (PS4),"₹3,499","₹1,490",5.0,(6),http://amazon.in/U-I-Entertainment-Alan-Remastered/dp/B09GKM8VXT/ref=sr_1_190?crid=13LMAMNW5PMHP&keywords=games+ps4&qid=1671535649&sprefix=video+games%2Caps%2C229&sr=8-190
"Nitho Drive Pro V16 Racing Wheel & Pedal Set MLT-DP16-K, Compatible with PC/PS3/PS4/Xbox1/Switch","₹11,299","₹7,999",4.1,(714),http://amazon.in/Nitho-Racing-MLT-DP16-K-Compatible-Switch/dp/B08LFLHXGC/ref=sr_1_191?crid=13LMAMNW5PMHP&keywords=games+ps4&qid=1671535649&sprefix=video+games%2Caps%2C229&sr=8-191
The Last of Us Remastered (PS4),"₹1,299","₹1,080",4.6,"(5,555)",http://amazon.in/Last-Us-Remastered-PS4/dp/B00JK00S0S/ref=sr_1_192?crid=13LMAMNW5PMHP&keywords=games+ps4&qid=1671535649&sprefix=video+games%2Caps%2C229&sr=8-192
PS4 Predator Hunting Grounds (PS4),"₹2,499","₹1,477",4.3,(714),http://amazon.in/PS4-Predator-Hunting-Grounds/dp/B087R7VDYH/ref=sr_1_193?crid=13LMAMNW5PMHP&keywords=games+ps4&qid=1671535651&sprefix=video+games%2Caps%2C229&sr=8-193
Resident Evil 3 Remake (PS4),"₹2,499","₹2,089",4.0,(101),http://amazon.in/Resident-Evil-3-Remake-PS4/dp/B082P5LJDX/ref=sr_1_194?crid=13LMAMNW5PMHP&keywords=games+ps4&qid=1671535651&sprefix=video+games%2Caps%2C229&sr=8-194
Assassin's Creed: Unity (PS4),"₹1,299","₹1,052.95",4.3,(321),http://amazon.in/UBI-Soft-Assassins-Creed-Unity/dp/B00JEXRZM0/ref=sr_1_195?crid=13LMAMNW5PMHP&keywords=games+ps4&qid=1671535651&sprefix=video+games%2Caps%2C229&sr=8-195
Fortnite: Minty Legends Pack (PS4),"₹2,499","₹1,528",3.9,(12),http://amazon.in/Fortnite-Minty-Legends-Pack-PS4/dp/B09KLLFMSR/ref=sr_1_196?crid=13LMAMNW5PMHP&keywords=games+ps4&qid=1671535651&sprefix=video+games%2Caps%2C229&sr=8-196
PS4 Minecraft Starter Collection (PS4),"₹1,999","₹1,699",4.4,(164),http://amazon.in/PS4-Minecraft-Starter-Collection/dp/B098KP6TZQ/ref=sr_1_197?crid=13LMAMNW5PMHP&keywords=games+ps4&qid=1671535651&sprefix=video+games%2Caps%2C229&sr=8-197
Thrustmaster T300 Ferrari Integral RW Alcantara edition | Racing Game Wheel | Force Feedback | PS5/PS4/PC,"₹49,999","₹37,990",4.3,(329),http://amazon.in/Thrustmaster-VG-T300-Ferrari-Alcantara/dp/B015KJ0SES/ref=sr_1_198?crid=13LMAMNW5PMHP&keywords=games+ps4&qid=1671535651&sprefix=video+games%2Caps%2C229&sr=8-198
FIFA 22 - Standard Edition (PS4),"₹3,999","₹2,950",5.0,(1),http://amazon.in/FIFA-22-Standard-Edition-PS4/dp/B099Q2B974/ref=sr_1_199?crid=13LMAMNW5PMHP&keywords=games+ps4&qid=1671535651&sprefix=video+games%2Caps%2C229&sr=8-199
ACTIVISION CALL OF DUTY BLACK OPS IIII (PS4),"₹2,499","₹1,289",4.0,"(1,753)",http://amazon.in/CALL-DUTY-BLACK-OPS-IIII/dp/B07HYBZ427/ref=sr_1_200?crid=13LMAMNW5PMHP&keywords=games+ps4&qid=1671535651&sprefix=video+games%2Caps%2C229&sr=8-200
World War Z (PS4),"₹2,499","₹2,299",4.2,(788),http://amazon.in/SOLA07-UK-22ST-World-War-Z-PS4/dp/B07Q5J12FY/ref=sr_1_201?crid=13LMAMNW5PMHP&keywords=games+ps4&qid=1671535651&sprefix=video+games%2Caps%2C229&sr=8-201
Ghost Recon: Breakpoint Limited Edition (PS4),"₹1,299",₹980,4.7,(10),http://amazon.in/Ghost-Recon-Breakpoint-Limited-PS4/dp/B097H6YHHL/ref=sr_1_202?crid=13LMAMNW5PMHP&keywords=games+ps4&qid=1671535651&sprefix=video+games%2Caps%2C229&sr=8-202
Anthem (PS4),"₹1,999",₹609,2.8,(97),http://amazon.in/Electronic-Arts-Anthem-PS4/dp/B07DVV7WHP/ref=sr_1_203?crid=13LMAMNW5PMHP&keywords=games+ps4&qid=1671535651&sprefix=video+games%2Caps%2C229&sr=8-203
"Cricket 22 International Edition (PS4)+Nitho ADONIS - Controller Compatible with PS4, Wireless Gamepad with Joystick/Rumble & Motion Control/Headphone Jack Compatible with Playstation 4, Camo","₹7,498","₹4,719",,,http://amazon.in/Cricket-International-PS4-Nitho-ADONIS/dp/B0BN58GLVZ/ref=sr_1_204?crid=13LMAMNW5PMHP&keywords=games+ps4&qid=1671535651&sprefix=video+games%2Caps%2C229&sr=8-204
PXN V3II Racing Game Steering Wheel with Brake Pedal,"₹9,999","₹6,299",3.2,(7),http://amazon.in/PXN-Racing-Steering-Wheel-Brake/dp/B07NZZCKJ1/ref=sr_1_205?crid=13LMAMNW5PMHP&keywords=games+ps4&qid=1671535651&sprefix=video+games%2Caps%2C229&sr=8-205
Horizon Zero Dawn PS4,"₹1,499",₹949,4.3,(14),http://amazon.in/Horizon-Zero-Dawn-PS4/dp/B07KF5Q5PG/ref=sr_1_206?crid=13LMAMNW5PMHP&keywords=games+ps4&qid=1671535651&sprefix=video+games%2Caps%2C229&sr=8-206
FIFA 20 (PS4) Standard Edition,"₹1,999","₹1,498",4.4,"(9,428)",http://amazon.in/Electronic-Arts-1056021-FIFA-PS4/dp/B07RX7FZHQ/ref=sr_1_207?crid=13LMAMNW5PMHP&keywords=games+ps4&qid=1671535651&sprefix=video+games%2Caps%2C229&sr=8-207
PS4 Marvel IRON MAN (PS4),"₹3,499","₹2,480",4.1,(106),http://amazon.in/PS4-Marvel-IRON-MAN/dp/B083WWFGF6/ref=sr_1_208?crid=13LMAMNW5PMHP&keywords=games+ps4&qid=1671535651&sprefix=video+games%2Caps%2C229&sr=8-208
Need For Speed Unbound | Standard Edition | Playstation 5 (PS5),"₹4,499","₹4,438",4.1,(2),http://amazon.in/Need-Speed-Unbound-Standard-Playstation/dp/B0BJL3T3HX/ref=sr_1_209?crid=13LMAMNW5PMHP&keywords=games+ps4&qid=1671535654&sprefix=video+games%2Caps%2C229&sr=8-209
Marvel's Avengers Deluxe Edition (PS4),"₹5,299","₹2,449",4.2,(73),http://amazon.in/Marvels-Avengers-Deluxe-Edition-PS4/dp/B08C37TXDT/ref=sr_1_210?crid=13LMAMNW5PMHP&keywords=games+ps4&qid=1671535654&sprefix=video+games%2Caps%2C229&sr=8-210
Tomb Raider: Definitive Edition (PS4),"₹2,499","₹1,230",4.7,"(2,934)",http://amazon.in/Tomb-Raider-Definitive-Edition-PS4/dp/B00GZ1GUSY/ref=sr_1_211?crid=13LMAMNW5PMHP&keywords=games+ps4&qid=1671535654&sprefix=video+games%2Caps%2C229&sr=8-211
F1 2020 (PS4),"₹3,499","₹2,299",4.6,(889),http://amazon.in/CODA15-UK-22ST-F1-2020-PS4/dp/B08JM5VBB6/ref=sr_1_212?crid=13LMAMNW5PMHP&keywords=games+ps4&qid=1671535654&sprefix=video+games%2Caps%2C229&sr=8-212
Doctor Who: The Edge of Time (PS4),"₹2,299",₹745.68,4.3,(390),http://amazon.in/Doctor-Who-Edge-Time-PS4/dp/B085JH8TKV/ref=sr_1_213?crid=13LMAMNW5PMHP&keywords=games+ps4&qid=1671535654&sprefix=video+games%2Caps%2C229&sr=8-213
LEGO The Incredibles (PS4),"₹2,499","₹1,532",4.7,"(1,970)",http://amazon.in/1000704832-LEGO-The-Incredibles-PS4/dp/B07BTNCWSM/ref=sr_1_214?crid=13LMAMNW5PMHP&keywords=games+ps4&qid=1671535654&sprefix=video+games%2Caps%2C229&sr=8-214
Mini Steering Wheel Ps4| Racing Games,₹700,₹399,5.0,(2),http://amazon.in/Mini-Steering-Wheel-Racing-Games/dp/B0BBCK4CDL/ref=sr_1_215?crid=13LMAMNW5PMHP&keywords=games+ps4&qid=1671535654&sprefix=video+games%2Caps%2C229&sr=8-215
PS4 Concrete Genie (PS4),"₹1,999",₹841.28,4.0,(30),http://amazon.in/Sony-PS4-Concrete-Genie/dp/B07YWYJHGB/ref=sr_1_216?crid=13LMAMNW5PMHP&keywords=games+ps4&qid=1671535654&sprefix=video+games%2Caps%2C229&sr=8-216
Electronic Arts Titanfall 2 (PS4),"₹1,499",₹910,4.4,"(3,471)",http://amazon.in/Electronic-Arts-193514-Titanfall-PS4/dp/B01C8MQP6A/ref=sr_1_217?crid=13LMAMNW5PMHP&keywords=games+ps4&qid=1671535654&sprefix=video+games%2Caps%2C229&sr=8-217
Tom Clancy's The Division 2 Game (PS4),"₹3,499",₹669,3.5,(27),http://amazon.in/crash-bandicoot-trilogy-Clancys-Division/dp/B07S1F5FK9/ref=sr_1_218?crid=13LMAMNW5PMHP&keywords=games+ps4&qid=1671535654&sprefix=video+games%2Caps%2C229&sr=8-218
Ben 10 Power Trip - PS4,"₹2,499","₹2,180",4.2,(6),http://amazon.in/BEN-10-POWER-TRIP-PS4/dp/B08KHBWM7X/ref=sr_1_219?crid=13LMAMNW5PMHP&keywords=games+ps4&qid=1671535654&sprefix=video+games%2Caps%2C229&sr=8-219
UJEAVETTE USB Wired Arcade Fighting Gamepad Joystick Game Controller Fit for PS3/PS4,"₹16,956","₹8,074",,,http://amazon.in/UJEAVETTE-Fighting-Gamepad-Joystick-Controller/dp/B0BN5FPK2R/ref=sr_1_220?crid=13LMAMNW5PMHP&keywords=games+ps4&qid=1671535654&sprefix=video+games%2Caps%2C229&sr=8-220
Cars 3: Driven to Win,"₹2,499","₹1,699",4.7,"(3,174)",http://amazon.in/Warner-Home-Video-Games-1000643987/dp/B06XX5DJQQ/ref=sr_1_221?crid=13LMAMNW5PMHP&keywords=games+ps4&qid=1671535654&sprefix=video+games%2Caps%2C229&sr=8-221
Marvel's Spider Man (PS4) - Game of the Year Edition (PS4)&Marvel Avengers (PS4),"₹4,998","₹3,195",5.0,(2),http://amazon.in/Marvels-Spider-Man-PS4-Avengers/dp/B08NV1FB3M/ref=sr_1_222?crid=13LMAMNW5PMHP&keywords=games+ps4&qid=1671535654&sprefix=video+games%2Caps%2C229&sr=8-222
LEGO Worlds (PS4),"₹1,999","₹1,366",4.4,(15),http://amazon.in/Warner-Brothers-LEGO-Worlds-PS4/dp/B01N7O7YBC/ref=sr_1_223?crid=13LMAMNW5PMHP&keywords=games+ps4&qid=1671535654&sprefix=video+games%2Caps%2C229&sr=8-223
Sony Playstation 4 Dualshock Controller - V2 (Green Cammo),"₹5,050","₹4,299",4.3,(721),http://amazon.in/Sony-PS4-Dualshock-Controller-Green/dp/B0742MXX86/ref=sr_1_224?crid=13LMAMNW5PMHP&keywords=games+ps4&qid=1671535654&sprefix=video+games%2Caps%2C229&sr=8-224
Assassin's Creed Valhalla Standard Edition (PS4) (Free PS5 Upgrade),"₹3,190","₹1,925",4.5,(71),http://amazon.in/Assassins-Creed-Valhalla-Standard-Upgrade/dp/B095PTMHMG/ref=sr_1_225?crid=13LMAMNW5PMHP&keywords=games+ps4&qid=1671535657&sprefix=video+games%2Caps%2C229&sr=8-225
"Marvel's Spider-Man: Miles Morales (PS4)+Nitho ADONIS - Controller Compatible with PS4, Wireless Gamepad with Joystick/Rumble & Motion Control/Headphone Jack Compatible with Playstation 4, Black","₹7,698","₹4,669",,,http://amazon.in/Marvels-Spider-Man-Controller-Compatible-Playstation/dp/B0BN57ZDSY/ref=sr_1_226?crid=13LMAMNW5PMHP&keywords=games+ps4&qid=1671535657&sprefix=video+games%2Caps%2C229&sr=8-226
Assassin’s Creed: Rogue Remastered PS4 (PS4),"₹1,299","₹1,199",4.3,(79),http://amazon.in/Assassins-Creed-Rogue-Remastered-PS4/dp/B079Q9SD59/ref=sr_1_227?crid=13LMAMNW5PMHP&keywords=games+ps4&qid=1671535657&sprefix=video+games%2Caps%2C229&sr=8-227
Need for Speed Hot Pursuit Remastered (PS4),"₹2,499","₹1,804",4.1,(47),http://amazon.in/Need-Speed-Hot-Pursuit-Remastered/dp/B08LLRYTQH/ref=sr_1_228?crid=13LMAMNW5PMHP&keywords=games+ps4&qid=1671535657&sprefix=video+games%2Caps%2C229&sr=8-228
Sony Dualshock 4 Wireless Controller for PlayStation 4 (Midnight Blue),"₹5,050","₹4,299",4.3,(169),http://amazon.in/PS4-DUALSHOCK-Midnight-Blue-V2/dp/B08NYC5KL4/ref=sr_1_229?crid=13LMAMNW5PMHP&keywords=games+ps4&qid=1671535657&sprefix=video+games%2Caps%2C229&sr=8-229
Electomania® Thumbstick Cap Rised Thumb Grip for Sony Playstation 4 PS4 cont 8 pcs (Black),₹599,₹299,3.9,(507),http://amazon.in/Electomania-Thumbstick-Rised-Thumb-Playstation/dp/B07C4VN7FW/ref=sr_1_230?crid=13LMAMNW5PMHP&keywords=games+ps4&qid=1671535657&sprefix=video+games%2Caps%2C229&sr=8-230
Cricket 22 International Edition (PS4)+Grand Theft Auto PS4,"₹6,198","₹3,841",5.0,(2),http://amazon.in/Cricket-International-Grand-Theft-Auto/dp/B09V4XV6HJ/ref=sr_1_231?crid=13LMAMNW5PMHP&keywords=games+ps4&qid=1671535657&sprefix=video+games%2Caps%2C229&sr=8-231
Sony PlayStation Plus 3 Months Membership Card (Indian PSN Account),"₹1,869","₹1,399",4.7,(71),http://amazon.in/PlayStation-Months-Membership-Indian-Account/dp/B07GFS62W8/ref=sr_1_232?crid=13LMAMNW5PMHP&keywords=games+ps4&qid=1671535657&sprefix=video+games%2Caps%2C229&sr=8-232
"Elton PS4 Controller Designer 3M Skin for Sony PlayStation 4 DualShock Wireless Controller - The Punisher White Skull, Skin for One Controller Only [video game]",₹249,₹199,1.8,(2),http://amazon.in/Controller-Designer-PlayStation-DualShock-Wireless/dp/B078C8LNJ7/ref=sr_1_233?crid=13LMAMNW5PMHP&keywords=games+ps4&qid=1671535657&sprefix=video+games%2Caps%2C229&sr=8-233
God of War (PS4),"₹1,999",₹948,4.6,"(8,082)",http://amazon.in/Sony-3001886-God-War-PS4/dp/B01GW8XOY2/ref=sr_1_234?crid=13LMAMNW5PMHP&keywords=games+ps4&qid=1671535657&sprefix=video+games%2Caps%2C229&sr=8-234
NBA 2K22 (PS4),"₹3,499","₹3,288",4.7,(63),http://amazon.in/2K-GAMES-NBA-2K22-PS4/dp/B098TXQJP2/ref=sr_1_235?crid=13LMAMNW5PMHP&keywords=games+ps4&qid=1671535657&sprefix=video+games%2Caps%2C229&sr=8-235
Wolfenstein II: The New Colossus (PS4),"₹1,499","₹1,155",4.4,(99),http://amazon.in/Wolfenstein-II-New-Colossus-PS4/dp/B074MKCH44/ref=sr_1_236?crid=13LMAMNW5PMHP&keywords=games+ps4&qid=1671535657&sprefix=video+games%2Caps%2C229&sr=8-236
Elton Batman v/s Superman Dawn Of Justice Theme 3M Skin Sticker Cover for PS4 Pro Console and Controllers [video game],"₹1,499",₹579,4.4,(4),http://amazon.in/Superman-Justice-Sticker-Console-Controllers/dp/B076HTB1MN/ref=sr_1_237?crid=13LMAMNW5PMHP&keywords=games+ps4&qid=1671535657&sprefix=video+games%2Caps%2C229&sr=8-237
Tekken 7 + Soulcalibur VI (PS4),"₹3,299","₹1,899",4.6,(759),http://amazon.in/Tekken-7-Soulcalibur-VI-PS4/dp/B0813BWVJM/ref=sr_1_238?crid=13LMAMNW5PMHP&keywords=games+ps4&qid=1671535657&sprefix=video+games%2Caps%2C229&sr=8-238
Thrustmaster Leather 28 GT Wheel Add On | Racing Game Wheel Add-on | PC/PS3/PS4/Xbox One,"₹22,999","₹14,297",4.5,(110),http://amazon.in/TM-LEATHER-28GT-WHEEL-ADD-ON/dp/B00TF2MC32/ref=sr_1_239?crid=13LMAMNW5PMHP&keywords=games+ps4&qid=1671535657&sprefix=video+games%2Caps%2C229&sr=8-239
Resident Evil Village | Gold Edition | PlayStation 4 (PS4),"₹2,999","₹2,811",,,http://amazon.in/Resident-Evil-Village-Gold-PlayStation/dp/B0BH4GMCPB/ref=sr_1_240?crid=13LMAMNW5PMHP&keywords=games+ps4&qid=1671535657&sprefix=video+games%2Caps%2C229&sr=8-240
Electronic Arts Fifa 17 - Standard Edition (Ps4),"₹3,999","₹1,399",4.4,"(2,818)",http://amazon.in/Electronic-Arts-Fifa-17-Standard/dp/B01F5D1MHG/ref=sr_1_241?crid=13LMAMNW5PMHP&keywords=games+ps4&qid=1671535659&sprefix=video+games%2Caps%2C229&sr=8-241
Battlefield Hardline (PS4),"₹2,499","₹1,480",3.8,(34),http://amazon.in/Electronic-Arts-Battlefield-Hardline-PS4/dp/B00LIS82YE/ref=sr_1_242?crid=13LMAMNW5PMHP&keywords=games+ps4&qid=1671535659&sprefix=video+games%2Caps%2C229&sr=8-242
Square Enix Marvel's Avengers Deluxe Edition (PS4) (PS4),"₹5,299","₹2,449",4.2,(19),http://amazon.in/Square-Enix-Marvels-Avengers-Deluxe/dp/B085J14MQZ/ref=sr_1_243?crid=13LMAMNW5PMHP&keywords=games+ps4&qid=1671535659&sprefix=video+games%2Caps%2C229&sr=8-243
Batman Arkham Collection (Standard Edition) (PS4),"₹1,999","₹1,709",4.5,"(2,334)",http://amazon.in/Batman-Arkham-Collection-Standard-PS4/dp/B083PKWKJH/ref=sr_1_244?crid=13LMAMNW5PMHP&keywords=games+ps4&qid=1671535659&sprefix=video+games%2Caps%2C229&sr=8-244
MXGP 2019 (PS4),"₹3,499","₹1,325",5.0,(2),http://amazon.in/Milestone-s-r-l-MXGP-2019-PS4/dp/B07V7PVKXY/ref=sr_1_245?crid=13LMAMNW5PMHP&keywords=games+ps4&qid=1671535659&sprefix=video+games%2Caps%2C229&sr=8-245
Sony PS4 Dualshock Magma - V2 (Red),"₹5,050","₹4,299",4.4,(484),http://amazon.in/Sony-PS4-Dualshock-Magma-Red/dp/B073HJQ49W/ref=sr_1_246?crid=13LMAMNW5PMHP&keywords=games+ps4&qid=1671535659&sprefix=video+games%2Caps%2C229&sr=8-246
Contra: Rogue Corps (PS4),"₹1,499","₹1,049",3.8,(51),http://amazon.in/Konami-4012927104736-Contra-Rogue-Corps/dp/B07TVTMHNM/ref=sr_1_247?crid=13LMAMNW5PMHP&keywords=games+ps4&qid=1671535659&sprefix=video+games%2Caps%2C229&sr=8-247
Drive Club (PS4),"₹1,999","₹1,749",4.0,(468),http://amazon.in/Sony-G000006312-Drive-Club-PS4/dp/B00HR4IFZ4/ref=sr_1_248?crid=13LMAMNW5PMHP&keywords=games+ps4&qid=1671535659&sprefix=video+games%2Caps%2C229&sr=8-248
NewWorld SPIDER--MAN Theme Design Latest Exclusive PS4 Controller High Quality Protective Ps4 Silicone Cover Case Sleeve Anti Slip Cover Color,₹499,₹331.85,3.9,(19),http://amazon.in/New-Exclusive-Controller-Protective-Silicone/dp/B07GL4L9PW/ref=sr_1_249?crid=13LMAMNW5PMHP&keywords=games+ps4&qid=1671535659&sprefix=video+games%2Caps%2C229&sr=8-249
Cyberpunk 2077 (PS4),"₹2,999","₹1,688",3.6,(20),http://amazon.in/WB-Games-Cyberpunk-2077-PS4/dp/B08QFCJWHX/ref=sr_1_250?crid=13LMAMNW5PMHP&keywords=games+ps4&qid=1671535659&sprefix=video+games%2Caps%2C229&sr=8-250
LEGO Marvel Super Heroes 2 (PS4),"₹1,499","₹1,429",4.2,(61),http://amazon.in/LEGO-Marvel-Super-Heroes-PS4/dp/B074MJ7BG3/ref=sr_1_251?crid=13LMAMNW5PMHP&keywords=games+ps4&qid=1671535659&sprefix=video+games%2Caps%2C229&sr=8-251
"New World For PS4 Controller Mobile Phone Holder Phone Clip Mount for Remote Play, Mobile Gaming Clamp Bracket Phone Holder For Dualshock 4 PS4 /PS4 Slim/PS4 Pro Controllers",₹799,₹532,3.7,(22),http://amazon.in/New-World-Controller-Dualshock-Controllers/dp/B09CV525CD/ref=sr_1_252?crid=13LMAMNW5PMHP&keywords=games+ps4&qid=1671535659&sprefix=video+games%2Caps%2C229&sr=8-252
Gran Turismo 7 | Standard Edition | PS5 Game (PlayStation 5) & Horizon Forbidden West | Standard Edition | PS4 Game (PlayStation 4),"₹8,998","₹4,884",,,http://amazon.in/Turismo-Standard-PlayStation-Horizon-Forbidden/dp/B0BMTWF458/ref=sr_1_253?crid=13LMAMNW5PMHP&keywords=games+ps4&qid=1671535659&sprefix=video+games%2Caps%2C229&sr=8-253
Shadow Of The Tomb Raider Limited Steelbook Edition PS4,"₹2,999","₹1,988",4.2,(7),http://amazon.in/Shadow-Tomb-Raider-Limited-Steelbook/dp/B07RMJ7F86/ref=sr_1_254?crid=13LMAMNW5PMHP&keywords=games+ps4&qid=1671535659&sprefix=video+games%2Caps%2C229&sr=8-254
"New World For PS4 Controller Wireless Controller Gamepads Joystick for PS4 Playstation 4 ,PS4 Pro ,PS4 Slim,with Touch Panel Vibration Turbo Audio Function (Transparent with Color Changing Light )","₹3,499","₹2,490",2.4,(3),http://amazon.in/New-World-Controller-Playstation-Transparent/dp/B09RVJJK82/ref=sr_1_255?crid=13LMAMNW5PMHP&keywords=games+ps4&qid=1671535659&sprefix=video+games%2Caps%2C229&sr=8-255
PS4 Jump Force,"₹2,499","₹1,999",4.2,"(2,764)",http://amazon.in/Bandai-3391892000382-PS4-Jump-Force/dp/B07DMB2G4Y/ref=sr_1_256?crid=13LMAMNW5PMHP&keywords=games+ps4&qid=1671535659&sprefix=video+games%2Caps%2C229&sr=8-256
EA Sports FIFA 18 (PS4),₹799,₹580,3.9,(54),http://amazon.in/EA-Sports-FIFA-18-PS4/dp/B07771ZN1Z/ref=sr_1_257?crid=13LMAMNW5PMHP&keywords=games+ps4&qid=1671535662&sprefix=video+games%2Caps%2C229&sr=8-257
"New World Wireless Controller for Ps4 , Wireless Controller Gamepad Joystick for PS4 Playstation 4/Pro/Slim with Touchpad ,headphone jack,Vibration and Six-axis Function -White","₹3,499","₹2,032",3.6,(15),http://amazon.in/New-World-Controller-Playstation-headphone/dp/B09Q2GNPKS/ref=sr_1_258?crid=13LMAMNW5PMHP&keywords=games+ps4&qid=1671535662&sprefix=video+games%2Caps%2C229&sr=8-258
Marvel's Spider Man (PS4) & The Last Of Us: Remastered (PS4),"₹3,998","₹2,255",,,http://amazon.in/Marvels-Spider-Man-PS4-Last/dp/B0BMTYNT9D/ref=sr_1_259?crid=13LMAMNW5PMHP&keywords=games+ps4&qid=1671535662&sprefix=video+games%2Caps%2C229&sr=8-259
Activision Blizzard Inc Call of Duty: Infinite Warfare - Standard Edition - PlayStation 4,"₹1,599","₹1,590",4.6,"(6,086)",http://amazon.in/Call-Duty-Infinite-Standard-PlayStation/dp/B01EZA0D8Y/ref=sr_1_260?crid=13LMAMNW5PMHP&keywords=games+ps4&qid=1671535662&sprefix=video+games%2Caps%2C229&sr=8-260
Final Fantasy X/X-2 HD Remastered (PS4),"₹2,299",₹877.41,4.7,"(1,411)",http://amazon.in/Final-Fantasy-X-2-HD-Remaster/dp/B00R10WZHS/ref=sr_1_261?crid=13LMAMNW5PMHP&keywords=games+ps4&qid=1671535662&sprefix=video+games%2Caps%2C229&sr=8-261
"New world 6 Pairs/12 PCS Thumb Grips for PS5 PS4 , Silicone Analog Controller Joystick Thumb Stick Cap Thumb Grips Cover for PS4 PS5 Xbox Series Switch PRO PS3 PS2 Xbox One/360 Game Controller",₹499,₹332,5.0,(2),http://amazon.in/New-Silicone-Analog-Controller-Joystick/dp/B09Q1L4R7T/ref=sr_1_262?crid=13LMAMNW5PMHP&keywords=games+ps4&qid=1671535662&sprefix=video+games%2Caps%2C229&sr=8-262
Doom Eternal (Free PS5 Upgrade),"₹2,999","₹1,344",4.3,(155),http://amazon.in/Bethesda-Doom-Eternal-PS4/dp/B07DRS8C91/ref=sr_1_263?crid=13LMAMNW5PMHP&keywords=games+ps4&qid=1671535662&sprefix=video+games%2Caps%2C229&sr=8-263
"NiTHO Drive PRO One Gaming Racing Wheel with Separate Shifter and Pedals, Zero Dead Zone Steering Wheel with 28 Action Buttons, Compatible with PC/PS4/PS3/Xbox One/Xbox Series X|S/Nintendo Switch","₹14,000","₹9,999",3.7,(8),http://amazon.in/Separate-Shifter-Steering-Compatible-Nintendo/dp/B0B7RKNDKS/ref=sr_1_264?crid=13LMAMNW5PMHP&keywords=games+ps4&qid=1671535662&sprefix=video+games%2Caps%2C229&sr=8-264
FIFA 21 Ultimate Edition (PS4),"₹6,499","₹1,999",4.6,(54),http://amazon.in/FIFA-21-Ultimate-Edition-PS4/dp/B08BJ7DLP8/ref=sr_1_265?crid=13LMAMNW5PMHP&keywords=games+ps4&qid=1671535662&sprefix=video+games%2Caps%2C229&sr=8-265
UBI Soft Tom Clancy's Ghost Recon Breakpoint (PS4)+New World PS4 Controller Wired Controller for PS4 Playstation 4 Dual Vibration Shock Joystick Gamepad for PS4/PS4 Slim/PS4 Pro and with touchpad,"₹2,998","₹2,463",,,http://amazon.in/UBI-Soft-Breakpoint-Controller-Playstation/dp/B0BN3FJJ2T/ref=sr_1_266?crid=13LMAMNW5PMHP&keywords=games+ps4&qid=1671535662&sprefix=video+games%2Caps%2C229&sr=8-266
"Elton PS4 Controller Designer 3M Skin for Sony PlayStation 4 , PS4 Slim , PS4 Pro DualShock Remote Wireless Controller (set of two Controllers Skin) - Harry Potter [video game]",₹299,₹249,,,http://amazon.in/Controller-Designer-PlayStation-DualShock-Controllers/dp/B078NV3W8S/ref=sr_1_267?crid=13LMAMNW5PMHP&keywords=games+ps4&qid=1671535662&sprefix=video+games%2Caps%2C229&sr=8-267
Call of Duty: Vanguard (Free PS5 Upgrade) (PS4) - PlayStation 4,"₹3,999","₹3,212",3.2,(16),http://amazon.in/Call-Duty-Vanguard-Upgrade-PlayStation/dp/B09DBK3QM4/ref=sr_1_268?crid=13LMAMNW5PMHP&keywords=games+ps4&qid=1671535662&sprefix=video+games%2Caps%2C229&sr=8-268
ACTIVISION Call of Duty: Black Ops III (Ps4),"₹4,999","₹1,950",4.6,"(4,154)",http://amazon.in/ACTIVISION-Call-Duty-Black-Ops/dp/B00W1HIVAQ/ref=sr_1_269?crid=13LMAMNW5PMHP&keywords=games+ps4&qid=1671535662&sprefix=video+games%2Caps%2C229&sr=8-269
UFC 3 (PS4),"₹3,999","₹1,880",4.3,"(2,420)",http://amazon.in/Electronic-Arts-220753-UFC-PS4/dp/B0777SJJ4V/ref=sr_1_270?crid=13LMAMNW5PMHP&keywords=games+ps4&qid=1671535662&sprefix=video+games%2Caps%2C229&sr=8-270
"IFYOO PS4 Wireless Controller Gamepad Compatible with Mobile Games MFi Games for iPhone/iPad(iOS 13 or Above), Mac OS, Android(Ver. 10 or Above) Phone/Tablet/TV, for Playstation 4, Slim, Pro - Black","₹12,123","₹9,123",3.6,(791),http://amazon.in/IFYOO-Wireless-Controller-Compatible-Playstation/dp/B088LYX6K4/ref=sr_1_271?crid=13LMAMNW5PMHP&keywords=games+ps4&qid=1671535662&sprefix=video+games%2Caps%2C229&sr=8-271
LEGO Star Wars: The Skywalker Saga (PS4),"₹3,499","₹3,038.05",3.7,(12),http://amazon.in/LEGO-Star-Wars-Skywalker-Saga/dp/B09SZVGP6T/ref=sr_1_272?crid=13LMAMNW5PMHP&keywords=games+ps4&qid=1671535662&sprefix=video+games%2Caps%2C229&sr=8-272
Project Cars 2 (PS4),"₹1,499",₹949,3.7,(134),http://amazon.in/Namco-Project-Cars-2-PS4/dp/B0754VP2VS/ref=sr_1_273?crid=13LMAMNW5PMHP&keywords=games+ps4&qid=1671535664&sprefix=video+games%2Caps%2C229&sr=8-273
HIDEit PS4 Wall Mount + (2) Controller Mount (Bundle) | Made in the USA,"₹17,000","₹8,500",4.6,"(1,765)",http://amazon.in/HIDEit-Wall-Mount-Controller-Bundle/dp/B01KU8QAOQ/ref=sr_1_274?crid=13LMAMNW5PMHP&keywords=games+ps4&qid=1671535664&sprefix=video+games%2Caps%2C229&sr=8-274
"DARAHS AC Power Cord Compatible For Sony PS5 / PS4 Slim / PS3, Compatible for Xbox Series S/ Xbox Series X/ Xbox One S/X Game Console Supply Cable Replacement(1.8 Meter), (Black)",₹799,₹288,4.1,(10),http://amazon.in/DARAHS-Compatible-Console-Supply-Replacement/dp/B09B2C8PJX/ref=sr_1_276?crid=13LMAMNW5PMHP&keywords=games+ps4&qid=1671535664&sprefix=video+games%2Caps%2C229&sr=8-276
Dragon Ball Fighter Z,"₹2,499","₹1,489",4.7,"(3,075)",http://amazon.in/Dragon-Ball-Fighterz-PlayStation-4/dp/B0793GS8NL/ref=sr_1_277?crid=13LMAMNW5PMHP&keywords=games+ps4&qid=1671535664&sprefix=video+games%2Caps%2C229&sr=8-277
NieR:Automata Game of the YoRHa Edition (PS4),"₹1,999","₹1,676",4.8,(12),http://amazon.in/NieR-Automata-Game-YoRHa-PS4/dp/B08LWV2S5Q/ref=sr_1_278?crid=13LMAMNW5PMHP&keywords=games+ps4&qid=1671535664&sprefix=video+games%2Caps%2C229&sr=8-278
Project CARS Game of the Year Edition PS4,"₹3,999","₹3,499",4.3,(5),http://amazon.in/Project-CARS-Game-Year-PS4/dp/B01DZG764S/ref=sr_1_279?crid=13LMAMNW5PMHP&keywords=games+ps4&qid=1671535664&sprefix=video+games%2Caps%2C229&sr=8-279
Analog Extenders Thumbstick Joystick Cap Thumb Grips for Playstation 4 for PS4 Joystick Xbox360 Controller 2pcs,₹499,₹398,3.1,(69),http://amazon.in/New-World-Extenders-Thumbstick-Controller/dp/B01BEA6XUA/ref=sr_1_280?crid=13LMAMNW5PMHP&keywords=games+ps4&qid=1671535664&sprefix=video+games%2Caps%2C229&sr=8-280
MrDeal Studded Dots Silicone Rubber Gel Customizing Cover for PS4/slim/Pro Dualshock 4 Controller x 1(Red&Blue) with Thumb Grips x 2 [video game],₹990,₹249,3.9,(32),http://amazon.in/Studded-Silicone-Customizing-Dualshock-Controller/dp/B0967RL7W2/ref=sr_1_281?crid=13LMAMNW5PMHP&keywords=games+ps4&qid=1671535664&sprefix=video+games%2Caps%2C229&sr=8-281
Fast & Furious Crossroads (PS4),"₹3,999","₹2,199",3.9,(14),http://amazon.in/Namco-Fast-Furious-Crossroads-PS4/dp/B08D8694WF/ref=sr_1_282?crid=13LMAMNW5PMHP&keywords=games+ps4&qid=1671535664&sprefix=video+games%2Caps%2C229&sr=8-282
AO Tennis 2 - PS4,"₹3,999","₹3,722",3.8,(171),http://amazon.in/AO2-PS4-AO-Tennis-2-PS4/dp/B082869BW6/ref=sr_1_283?crid=13LMAMNW5PMHP&keywords=games+ps4&qid=1671535664&sprefix=video+games%2Caps%2C229&sr=8-283
Assassin's Creed Syndicate (PS4),"₹1,499","₹1,258",4.5,"(2,618)",http://amazon.in/3307215893081-Assassins-Creed-Syndicate-PS4/dp/B00XHS0NYU/ref=sr_1_284?crid=13LMAMNW5PMHP&keywords=games+ps4&qid=1671535664&sprefix=video+games%2Caps%2C229&sr=8-284
Sony PS4 Ghost of Tsushima (PS4)+WB Games Hitman 2 (PS4),"₹4,498","₹2,712",5.0,(1),http://amazon.in/Sony-Ghost-Tsushima-Games-Hitman/dp/B08NRS8RMD/ref=sr_1_285?crid=13LMAMNW5PMHP&keywords=games+ps4&qid=1671535664&sprefix=video+games%2Caps%2C229&sr=8-285
The Crew Ultimate Edition - PlayStation 4 Ultimate Edition,"₹3,999","₹1,499",4.2,(342),http://amazon.in/Crew-Ultimate-PlayStation/dp/B01KGR9QJM/ref=sr_1_286?crid=13LMAMNW5PMHP&keywords=games+ps4&qid=1671535664&sprefix=video+games%2Caps%2C229&sr=8-286
"NBA 2K21 - Bonus* :5000 VC, 2 MyTEAM Promo Packs","₹2,499","₹1,870",4.2,(123),http://amazon.in/NBA-2K21-Bonus-MyTEAM-Promo/dp/B08CFKRV9X/ref=sr_1_287?crid=13LMAMNW5PMHP&keywords=games+ps4&qid=1671535664&sprefix=video+games%2Caps%2C229&sr=8-287
Pro Evolution Soccer 2020 (PS4),"₹1,999",₹995,4.5,"(3,238)",http://amazon.in/Konami-225056-eFootball-PES-2020/dp/B07VG8Y9C7/ref=sr_1_288?crid=13LMAMNW5PMHP&keywords=games+ps4&qid=1671535664&sprefix=video+games%2Caps%2C229&sr=8-288
Dualshock 4 Wireless Controller for Playstation 4 - Black V2&Marvel's Spider Man (PS4) - Game of the Year Edition (PS4),"₹8,049","₹5,788",4.6,"(2,745)",http://amazon.in/Sony-Spider-Man-Dualshock-Controller-Playstation/dp/B08D3ML5T5/ref=sr_1_292?crid=13LMAMNW5PMHP&keywords=games+ps4&qid=1671535667&sprefix=video+games%2Caps%2C229&sr=8-292
NBA 2K23 | Standard Edition | PlayStation 4 (PS4),"₹3,999","₹2,299",4.5,(2),http://amazon.in/NBA-2K23-Standard-PlayStation-PS4/dp/B0BBLYLWT2/ref=sr_1_293?crid=13LMAMNW5PMHP&keywords=games+ps4&qid=1671535667&sprefix=video+games%2Caps%2C229&sr=8-293
The Dark Pictures Anthology: Man of Medan (PS4),"₹2,499","₹1,439",4.0,(31),http://amazon.in/Dark-Pictures-Anthology-Man-Medan/dp/B07V83GY2B/ref=sr_1_294?crid=13LMAMNW5PMHP&keywords=games+ps4&qid=1671535667&sprefix=video+games%2Caps%2C229&sr=8-294
Blood and Truth VR (PS4),"₹2,799","₹2,280",4.4,(44),http://amazon.in/Blood-and-Truth-VR-PS4/dp/B07S84W9BY/ref=sr_1_295?crid=13LMAMNW5PMHP&keywords=games+ps4&qid=1671535667&sprefix=video+games%2Caps%2C229&sr=8-295
"PC Racing Wheel, PXN V3II 180 Degree Universal Usb Car Sim Race Steering Wheel with Pedals for PS3, PS4, Xbox One,Nintendo Switch (Orange)ââ‚¬¦","₹6,355","₹6,255",4.2,"(1,421)",http://amazon.in/PC-Racing-Universal-Steering-Nintendo/dp/B07XJ29YXL/ref=sr_1_296?crid=13LMAMNW5PMHP&keywords=games+ps4&qid=1671535667&sprefix=video+games%2Caps%2C229&sr=8-296
Assassin's Creed IV: Black Flag (PS4),"₹1,299","₹1,295",4.5,(233),http://amazon.in/Assassins-Creed-IV-Black-Flag/dp/B00I2ORWZM/ref=sr_1_297?crid=13LMAMNW5PMHP&keywords=games+ps4&qid=1671535667&sprefix=video+games%2Caps%2C229&sr=8-297
Eastern Eagle 6 Pairs/12 PCS Replacement Silicone Analog Controller Joystick Luminous Thumb Stick Grips Caps Cover for PS4 PS3 PS2 Xbox One/360 Game Controller,₹999,₹268,3.8,(80),http://amazon.in/Eastern-Replacement-Silicone-Controller-Joystick/dp/B0966WCRMB/ref=sr_1_298?crid=13LMAMNW5PMHP&keywords=games+ps4&qid=1671535667&sprefix=video+games%2Caps%2C229&sr=8-298
A Way Out (PS4)- Multiplayer online only game,"₹2,999","₹2,390",4.3,(955),http://amazon.in/Way-Multiplayer-online-only-game/dp/B077Y5M9MK/ref=sr_1_299?crid=13LMAMNW5PMHP&keywords=games+ps4&qid=1671535667&sprefix=video+games%2Caps%2C229&sr=8-299
"PS4 Wireless Controller Bluetooth Wireless Controller Gamepad Joystick For PS4 Fat PS4 Slim PS4 PRO Playstation 4 console with Six-axis Sensor Dual Vibration Touchpad, headset jack","₹2,999","₹2,130.61",3.3,(34),http://amazon.in/Wireless-Controller-Bluetooth-Playstation-Vibration/dp/B08XYXJDXM/ref=sr_1_300?crid=13LMAMNW5PMHP&keywords=games+ps4&qid=1671535667&sprefix=video+games%2Caps%2C229&sr=8-300
AJ Gaming - Just Cause 2 Action Adventure Full Edition Single Player PC Game (Full Edition) (for PC),₹999,₹399,,,http://amazon.in/AJ-Gaming-Action-Adventure-Single/dp/B0936PQ44C/ref=sr_1_301?crid=13LMAMNW5PMHP&keywords=games+ps4&qid=1671535667&sprefix=video+games%2Caps%2C229&sr=8-301
Dragon Ball: Xenoverse 2 (PS4),"₹2,499","₹1,855",4.3,(8),http://amazon.in/Dragon-Ball-Xenoverse-2-PS4/dp/B01M3YOQ7K/ref=sr_1_302?crid=13LMAMNW5PMHP&keywords=games+ps4&qid=1671535667&sprefix=video+games%2Caps%2C229&sr=8-302
"New world for PS4 Wireless Controller for PS4 Wireless Gamepad Joystick Controller for PS4 Playstation 4/Pro/Slim/PC and Laptop with Motion Motors and Audio Function, Mini LED Indicator, USB Cable and Anti-Slip - Blue","₹2,990","₹2,023",3.3,(13),http://amazon.in/Controller-New-World-Playstation-Indicator/dp/B084QC4H7Y/ref=sr_1_303?crid=13LMAMNW5PMHP&keywords=games+ps4&qid=1671535667&sprefix=video+games%2Caps%2C229&sr=8-303
Elton Dragon Ball Z Hero Theme 3M Skin Sticker Cover for PS4 Slim Console and Controllers [video game],₹629,₹579,5.0,(1),http://amazon.in/Elton-Dragon-Sticker-Console-Controllers/dp/B0793QRWKM/ref=sr_1_305?crid=13LMAMNW5PMHP&keywords=games+ps4&qid=1671535670&sprefix=video+games%2Caps%2C229&sr=8-305
Don Bradman Cricket 17 (Ps4),"₹2,499","₹1,519",3.9,(309),http://amazon.in/Don-Bradman-Cricket-17-Ps4/dp/B01MXMG1A9/ref=sr_1_306?crid=13LMAMNW5PMHP&keywords=games+ps4&qid=1671535670&sprefix=video+games%2Caps%2C229&sr=8-306
